artifact_path,file_size,local_path,run_id,run_name,status
shift_validation/c_epoch_0_step_10000.csv,1039,artifacts/shift_validation/c_epoch_0_step_10000.csv,783969ee861043b18bb099729505f081,shift-ablation-log-256,downloaded
shift_validation/c_epoch_0_step_12500.csv,1037,artifacts/shift_validation/c_epoch_0_step_12500.csv,783969ee861043b18bb099729505f081,shift-ablation-log-256,downloaded
shift_validation/c_epoch_0_step_15000.csv,1039,artifacts/shift_validation/c_epoch_0_step_15000.csv,783969ee861043b18bb099729505f081,shift-ablation-log-256,downloaded
shift_validation/c_epoch_0_step_17500.csv,1039,artifacts/shift_validation/c_epoch_0_step_17500.csv,783969ee861043b18bb099729505f081,shift-ablation-log-256,downloaded
shift_validation/c_epoch_0_step_20000.csv,1040,artifacts/shift_validation/c_epoch_0_step_20000.csv,783969ee861043b18bb099729505f081,shift-ablation-log-256,downloaded
shift_validation/c_epoch_0_step_22500.csv,1037,artifacts/shift_validation/c_epoch_0_step_22500.csv,783969ee861043b18bb099729505f081,shift-ablation-log-256,downloaded
shift_validation/c_epoch_0_step_2500.csv,1038,artifacts/shift_validation/c_epoch_0_step_2500.csv,783969ee861043b18bb099729505f081,shift-ablation-log-256,downloaded
shift_validation/c_epoch_0_step_25000.csv,1041,artifacts/shift_validation/c_epoch_0_step_25000.csv,783969ee861043b18bb099729505f081,shift-ablation-log-256,downloaded
shift_validation/c_epoch_0_step_27500.csv,1043,artifacts/shift_validation/c_epoch_0_step_27500.csv,783969ee861043b18bb099729505f081,shift-ablation-log-256,downloaded
shift_validation/c_epoch_0_step_30000.csv,1036,artifacts/shift_validation/c_epoch_0_step_30000.csv,783969ee861043b18bb099729505f081,shift-ablation-log-256,downloaded
shift_validation/c_epoch_0_step_5000.csv,1037,artifacts/shift_validation/c_epoch_0_step_5000.csv,783969ee861043b18bb099729505f081,shift-ablation-log-256,downloaded
shift_validation/c_epoch_0_step_7500.csv,1036,artifacts/shift_validation/c_epoch_0_step_7500.csv,783969ee861043b18bb099729505f081,shift-ablation-log-256,downloaded
shift_validation/h_epoch_0_step_10000.csv,1017,artifacts/shift_validation/h_epoch_0_step_10000.csv,783969ee861043b18bb099729505f081,shift-ablation-log-256,downloaded
shift_validation/h_epoch_0_step_12500.csv,1016,artifacts/shift_validation/h_epoch_0_step_12500.csv,783969ee861043b18bb099729505f081,shift-ablation-log-256,downloaded
shift_validation/h_epoch_0_step_15000.csv,1022,artifacts/shift_validation/h_epoch_0_step_15000.csv,783969ee861043b18bb099729505f081,shift-ablation-log-256,downloaded
shift_validation/h_epoch_0_step_17500.csv,1017,artifacts/shift_validation/h_epoch_0_step_17500.csv,783969ee861043b18bb099729505f081,shift-ablation-log-256,downloaded
shift_validation/h_epoch_0_step_20000.csv,1022,artifacts/shift_validation/h_epoch_0_step_20000.csv,783969ee861043b18bb099729505f081,shift-ablation-log-256,downloaded
shift_validation/h_epoch_0_step_22500.csv,1016,artifacts/shift_validation/h_epoch_0_step_22500.csv,783969ee861043b18bb099729505f081,shift-ablation-log-256,downloaded
shift_validation/h_epoch_0_step_2500.csv,1017,artifacts/shift_validation/h_epoch_0_step_2500.csv,783969ee861043b18bb099729505f081,shift-ablation-log-256,downloaded
shift_validation/h_epoch_0_step_25000.csv,1016,artifacts/shift_validation/h_epoch_0_step_25000.csv,783969ee861043b18bb099729505f081,shift-ablation-log-256,downloaded
shift_validation/h_epoch_0_step_27500.csv,1019,artifacts/shift_validation/h_epoch_0_step_27500.csv,783969ee861043b18bb099729505f081,shift-ablation-log-256,downloaded
shift_validation/h_epoch_0_step_30000.csv,1019,artifacts/shift_validation/h_epoch_0_step_30000.csv,783969ee861043b18bb099729505f081,shift-ablation-log-256,downloaded
shift_validation/h_epoch_0_step_5000.csv,1020,artifacts/shift_validation/h_epoch_0_step_5000.csv,783969ee861043b18bb099729505f081,shift-ablation-log-256,downloaded
shift_validation/h_epoch_0_step_7500.csv,1021,artifacts/shift_validation/h_epoch_0_step_7500.csv,783969ee861043b18bb099729505f081,shift-ablation-log-256,downloaded
fingerprint_validation/epoch_0_step_10000.csv,317,artifacts/fingerprint_validation/epoch_0_step_10000.csv,783969ee861043b18bb099729505f081,shift-ablation-log-256,downloaded
fingerprint_validation/epoch_0_step_12500.csv,321,artifacts/fingerprint_validation/epoch_0_step_12500.csv,783969ee861043b18bb099729505f081,shift-ablation-log-256,downloaded
fingerprint_validation/epoch_0_step_15000.csv,320,artifacts/fingerprint_validation/epoch_0_step_15000.csv,783969ee861043b18bb099729505f081,shift-ablation-log-256,downloaded
fingerprint_validation/epoch_0_step_17500.csv,321,artifacts/fingerprint_validation/epoch_0_step_17500.csv,783969ee861043b18bb099729505f081,shift-ablation-log-256,downloaded
fingerprint_validation/epoch_0_step_20000.csv,320,artifacts/fingerprint_validation/epoch_0_step_20000.csv,783969ee861043b18bb099729505f081,shift-ablation-log-256,downloaded
fingerprint_validation/epoch_0_step_22500.csv,313,artifacts/fingerprint_validation/epoch_0_step_22500.csv,783969ee861043b18bb099729505f081,shift-ablation-log-256,downloaded
fingerprint_validation/epoch_0_step_2500.csv,319,artifacts/fingerprint_validation/epoch_0_step_2500.csv,783969ee861043b18bb099729505f081,shift-ablation-log-256,downloaded
fingerprint_validation/epoch_0_step_25000.csv,319,artifacts/fingerprint_validation/epoch_0_step_25000.csv,783969ee861043b18bb099729505f081,shift-ablation-log-256,downloaded
fingerprint_validation/epoch_0_step_27500.csv,320,artifacts/fingerprint_validation/epoch_0_step_27500.csv,783969ee861043b18bb099729505f081,shift-ablation-log-256,downloaded
fingerprint_validation/epoch_0_step_30000.csv,319,artifacts/fingerprint_validation/epoch_0_step_30000.csv,783969ee861043b18bb099729505f081,shift-ablation-log-256,downloaded
fingerprint_validation/epoch_0_step_5000.csv,320,artifacts/fingerprint_validation/epoch_0_step_5000.csv,783969ee861043b18bb099729505f081,shift-ablation-log-256,downloaded
fingerprint_validation/epoch_0_step_7500.csv,317,artifacts/fingerprint_validation/epoch_0_step_7500.csv,783969ee861043b18bb099729505f081,shift-ablation-log-256,downloaded
shift_validation/c_epoch_0_step_10000.csv,1040,artifacts/shift_validation/c_epoch_0_step_10000.csv,a86f60d8871043a38565254877427b87,shift-ablation-log-128,downloaded
shift_validation/c_epoch_0_step_12500.csv,1041,artifacts/shift_validation/c_epoch_0_step_12500.csv,a86f60d8871043a38565254877427b87,shift-ablation-log-128,downloaded
shift_validation/c_epoch_0_step_15000.csv,1040,artifacts/shift_validation/c_epoch_0_step_15000.csv,a86f60d8871043a38565254877427b87,shift-ablation-log-128,downloaded
shift_validation/c_epoch_0_step_17500.csv,1036,artifacts/shift_validation/c_epoch_0_step_17500.csv,a86f60d8871043a38565254877427b87,shift-ablation-log-128,downloaded
shift_validation/c_epoch_0_step_20000.csv,1041,artifacts/shift_validation/c_epoch_0_step_20000.csv,a86f60d8871043a38565254877427b87,shift-ablation-log-128,downloaded
shift_validation/c_epoch_0_step_22500.csv,1039,artifacts/shift_validation/c_epoch_0_step_22500.csv,a86f60d8871043a38565254877427b87,shift-ablation-log-128,downloaded
shift_validation/c_epoch_0_step_2500.csv,1042,artifacts/shift_validation/c_epoch_0_step_2500.csv,a86f60d8871043a38565254877427b87,shift-ablation-log-128,downloaded
shift_validation/c_epoch_0_step_25000.csv,1047,artifacts/shift_validation/c_epoch_0_step_25000.csv,a86f60d8871043a38565254877427b87,shift-ablation-log-128,downloaded
shift_validation/c_epoch_0_step_27500.csv,1042,artifacts/shift_validation/c_epoch_0_step_27500.csv,a86f60d8871043a38565254877427b87,shift-ablation-log-128,downloaded
shift_validation/c_epoch_0_step_30000.csv,1040,artifacts/shift_validation/c_epoch_0_step_30000.csv,a86f60d8871043a38565254877427b87,shift-ablation-log-128,downloaded
shift_validation/c_epoch_0_step_5000.csv,1036,artifacts/shift_validation/c_epoch_0_step_5000.csv,a86f60d8871043a38565254877427b87,shift-ablation-log-128,downloaded
shift_validation/c_epoch_0_step_7500.csv,1044,artifacts/shift_validation/c_epoch_0_step_7500.csv,a86f60d8871043a38565254877427b87,shift-ablation-log-128,downloaded
shift_validation/h_epoch_0_step_10000.csv,1016,artifacts/shift_validation/h_epoch_0_step_10000.csv,a86f60d8871043a38565254877427b87,shift-ablation-log-128,downloaded
shift_validation/h_epoch_0_step_12500.csv,1019,artifacts/shift_validation/h_epoch_0_step_12500.csv,a86f60d8871043a38565254877427b87,shift-ablation-log-128,downloaded
shift_validation/h_epoch_0_step_15000.csv,1015,artifacts/shift_validation/h_epoch_0_step_15000.csv,a86f60d8871043a38565254877427b87,shift-ablation-log-128,downloaded
shift_validation/h_epoch_0_step_17500.csv,1018,artifacts/shift_validation/h_epoch_0_step_17500.csv,a86f60d8871043a38565254877427b87,shift-ablation-log-128,downloaded
shift_validation/h_epoch_0_step_20000.csv,1014,artifacts/shift_validation/h_epoch_0_step_20000.csv,a86f60d8871043a38565254877427b87,shift-ablation-log-128,downloaded
shift_validation/h_epoch_0_step_22500.csv,1019,artifacts/shift_validation/h_epoch_0_step_22500.csv,a86f60d8871043a38565254877427b87,shift-ablation-log-128,downloaded
shift_validation/h_epoch_0_step_2500.csv,1020,artifacts/shift_validation/h_epoch_0_step_2500.csv,a86f60d8871043a38565254877427b87,shift-ablation-log-128,downloaded
shift_validation/h_epoch_0_step_25000.csv,1015,artifacts/shift_validation/h_epoch_0_step_25000.csv,a86f60d8871043a38565254877427b87,shift-ablation-log-128,downloaded
shift_validation/h_epoch_0_step_27500.csv,1017,artifacts/shift_validation/h_epoch_0_step_27500.csv,a86f60d8871043a38565254877427b87,shift-ablation-log-128,downloaded
shift_validation/h_epoch_0_step_30000.csv,1014,artifacts/shift_validation/h_epoch_0_step_30000.csv,a86f60d8871043a38565254877427b87,shift-ablation-log-128,downloaded
shift_validation/h_epoch_0_step_5000.csv,1020,artifacts/shift_validation/h_epoch_0_step_5000.csv,a86f60d8871043a38565254877427b87,shift-ablation-log-128,downloaded
shift_validation/h_epoch_0_step_7500.csv,1017,artifacts/shift_validation/h_epoch_0_step_7500.csv,a86f60d8871043a38565254877427b87,shift-ablation-log-128,downloaded
fingerprint_validation/epoch_0_step_10000.csv,319,artifacts/fingerprint_validation/epoch_0_step_10000.csv,a86f60d8871043a38565254877427b87,shift-ablation-log-128,downloaded
fingerprint_validation/epoch_0_step_12500.csv,319,artifacts/fingerprint_validation/epoch_0_step_12500.csv,a86f60d8871043a38565254877427b87,shift-ablation-log-128,downloaded
fingerprint_validation/epoch_0_step_15000.csv,316,artifacts/fingerprint_validation/epoch_0_step_15000.csv,a86f60d8871043a38565254877427b87,shift-ablation-log-128,downloaded
fingerprint_validation/epoch_0_step_17500.csv,319,artifacts/fingerprint_validation/epoch_0_step_17500.csv,a86f60d8871043a38565254877427b87,shift-ablation-log-128,downloaded
fingerprint_validation/epoch_0_step_20000.csv,319,artifacts/fingerprint_validation/epoch_0_step_20000.csv,a86f60d8871043a38565254877427b87,shift-ablation-log-128,downloaded
fingerprint_validation/epoch_0_step_22500.csv,320,artifacts/fingerprint_validation/epoch_0_step_22500.csv,a86f60d8871043a38565254877427b87,shift-ablation-log-128,downloaded
fingerprint_validation/epoch_0_step_2500.csv,316,artifacts/fingerprint_validation/epoch_0_step_2500.csv,a86f60d8871043a38565254877427b87,shift-ablation-log-128,downloaded
fingerprint_validation/epoch_0_step_25000.csv,319,artifacts/fingerprint_validation/epoch_0_step_25000.csv,a86f60d8871043a38565254877427b87,shift-ablation-log-128,downloaded
fingerprint_validation/epoch_0_step_27500.csv,316,artifacts/fingerprint_validation/epoch_0_step_27500.csv,a86f60d8871043a38565254877427b87,shift-ablation-log-128,downloaded
fingerprint_validation/epoch_0_step_30000.csv,317,artifacts/fingerprint_validation/epoch_0_step_30000.csv,a86f60d8871043a38565254877427b87,shift-ablation-log-128,downloaded
fingerprint_validation/epoch_0_step_5000.csv,319,artifacts/fingerprint_validation/epoch_0_step_5000.csv,a86f60d8871043a38565254877427b87,shift-ablation-log-128,downloaded
fingerprint_validation/epoch_0_step_7500.csv,320,artifacts/fingerprint_validation/epoch_0_step_7500.csv,a86f60d8871043a38565254877427b87,shift-ablation-log-128,downloaded
shift_validation/c_epoch_0_step_10000.csv,1035,artifacts/shift_validation/c_epoch_0_step_10000.csv,b5136911b60447ec91c8cf526828f9c0,shift-ablation-log-512,downloaded
shift_validation/c_epoch_0_step_12500.csv,1034,artifacts/shift_validation/c_epoch_0_step_12500.csv,b5136911b60447ec91c8cf526828f9c0,shift-ablation-log-512,downloaded
shift_validation/c_epoch_0_step_15000.csv,1040,artifacts/shift_validation/c_epoch_0_step_15000.csv,b5136911b60447ec91c8cf526828f9c0,shift-ablation-log-512,downloaded
shift_validation/c_epoch_0_step_17500.csv,1036,artifacts/shift_validation/c_epoch_0_step_17500.csv,b5136911b60447ec91c8cf526828f9c0,shift-ablation-log-512,downloaded
shift_validation/c_epoch_0_step_20000.csv,1044,artifacts/shift_validation/c_epoch_0_step_20000.csv,b5136911b60447ec91c8cf526828f9c0,shift-ablation-log-512,downloaded
shift_validation/c_epoch_0_step_22500.csv,1040,artifacts/shift_validation/c_epoch_0_step_22500.csv,b5136911b60447ec91c8cf526828f9c0,shift-ablation-log-512,downloaded
shift_validation/c_epoch_0_step_2500.csv,1037,artifacts/shift_validation/c_epoch_0_step_2500.csv,b5136911b60447ec91c8cf526828f9c0,shift-ablation-log-512,downloaded
shift_validation/c_epoch_0_step_25000.csv,1040,artifacts/shift_validation/c_epoch_0_step_25000.csv,b5136911b60447ec91c8cf526828f9c0,shift-ablation-log-512,downloaded
shift_validation/c_epoch_0_step_27500.csv,1041,artifacts/shift_validation/c_epoch_0_step_27500.csv,b5136911b60447ec91c8cf526828f9c0,shift-ablation-log-512,downloaded
shift_validation/c_epoch_0_step_30000.csv,1041,artifacts/shift_validation/c_epoch_0_step_30000.csv,b5136911b60447ec91c8cf526828f9c0,shift-ablation-log-512,downloaded
shift_validation/c_epoch_0_step_5000.csv,1038,artifacts/shift_validation/c_epoch_0_step_5000.csv,b5136911b60447ec91c8cf526828f9c0,shift-ablation-log-512,downloaded
shift_validation/c_epoch_0_step_7500.csv,1040,artifacts/shift_validation/c_epoch_0_step_7500.csv,b5136911b60447ec91c8cf526828f9c0,shift-ablation-log-512,downloaded
shift_validation/h_epoch_0_step_10000.csv,1016,artifacts/shift_validation/h_epoch_0_step_10000.csv,b5136911b60447ec91c8cf526828f9c0,shift-ablation-log-512,downloaded
shift_validation/h_epoch_0_step_12500.csv,1015,artifacts/shift_validation/h_epoch_0_step_12500.csv,b5136911b60447ec91c8cf526828f9c0,shift-ablation-log-512,downloaded
shift_validation/h_epoch_0_step_15000.csv,1016,artifacts/shift_validation/h_epoch_0_step_15000.csv,b5136911b60447ec91c8cf526828f9c0,shift-ablation-log-512,downloaded
shift_validation/h_epoch_0_step_17500.csv,1019,artifacts/shift_validation/h_epoch_0_step_17500.csv,b5136911b60447ec91c8cf526828f9c0,shift-ablation-log-512,downloaded
shift_validation/h_epoch_0_step_20000.csv,1014,artifacts/shift_validation/h_epoch_0_step_20000.csv,b5136911b60447ec91c8cf526828f9c0,shift-ablation-log-512,downloaded
shift_validation/h_epoch_0_step_22500.csv,1018,artifacts/shift_validation/h_epoch_0_step_22500.csv,b5136911b60447ec91c8cf526828f9c0,shift-ablation-log-512,downloaded
shift_validation/h_epoch_0_step_2500.csv,1012,artifacts/shift_validation/h_epoch_0_step_2500.csv,b5136911b60447ec91c8cf526828f9c0,shift-ablation-log-512,downloaded
shift_validation/h_epoch_0_step_25000.csv,1017,artifacts/shift_validation/h_epoch_0_step_25000.csv,b5136911b60447ec91c8cf526828f9c0,shift-ablation-log-512,downloaded
shift_validation/h_epoch_0_step_27500.csv,1015,artifacts/shift_validation/h_epoch_0_step_27500.csv,b5136911b60447ec91c8cf526828f9c0,shift-ablation-log-512,downloaded
shift_validation/h_epoch_0_step_30000.csv,1016,artifacts/shift_validation/h_epoch_0_step_30000.csv,b5136911b60447ec91c8cf526828f9c0,shift-ablation-log-512,downloaded
shift_validation/h_epoch_0_step_5000.csv,1014,artifacts/shift_validation/h_epoch_0_step_5000.csv,b5136911b60447ec91c8cf526828f9c0,shift-ablation-log-512,downloaded
shift_validation/h_epoch_0_step_7500.csv,1017,artifacts/shift_validation/h_epoch_0_step_7500.csv,b5136911b60447ec91c8cf526828f9c0,shift-ablation-log-512,downloaded
fingerprint_validation/epoch_0_step_10000.csv,320,artifacts/fingerprint_validation/epoch_0_step_10000.csv,b5136911b60447ec91c8cf526828f9c0,shift-ablation-log-512,downloaded
fingerprint_validation/epoch_0_step_12500.csv,319,artifacts/fingerprint_validation/epoch_0_step_12500.csv,b5136911b60447ec91c8cf526828f9c0,shift-ablation-log-512,downloaded
fingerprint_validation/epoch_0_step_15000.csv,316,artifacts/fingerprint_validation/epoch_0_step_15000.csv,b5136911b60447ec91c8cf526828f9c0,shift-ablation-log-512,downloaded
fingerprint_validation/epoch_0_step_17500.csv,317,artifacts/fingerprint_validation/epoch_0_step_17500.csv,b5136911b60447ec91c8cf526828f9c0,shift-ablation-log-512,downloaded
fingerprint_validation/epoch_0_step_20000.csv,320,artifacts/fingerprint_validation/epoch_0_step_20000.csv,b5136911b60447ec91c8cf526828f9c0,shift-ablation-log-512,downloaded
fingerprint_validation/epoch_0_step_22500.csv,317,artifacts/fingerprint_validation/epoch_0_step_22500.csv,b5136911b60447ec91c8cf526828f9c0,shift-ablation-log-512,downloaded
fingerprint_validation/epoch_0_step_2500.csv,317,artifacts/fingerprint_validation/epoch_0_step_2500.csv,b5136911b60447ec91c8cf526828f9c0,shift-ablation-log-512,downloaded
fingerprint_validation/epoch_0_step_25000.csv,317,artifacts/fingerprint_validation/epoch_0_step_25000.csv,b5136911b60447ec91c8cf526828f9c0,shift-ablation-log-512,downloaded
fingerprint_validation/epoch_0_step_27500.csv,317,artifacts/fingerprint_validation/epoch_0_step_27500.csv,b5136911b60447ec91c8cf526828f9c0,shift-ablation-log-512,downloaded
fingerprint_validation/epoch_0_step_30000.csv,317,artifacts/fingerprint_validation/epoch_0_step_30000.csv,b5136911b60447ec91c8cf526828f9c0,shift-ablation-log-512,downloaded
fingerprint_validation/epoch_0_step_5000.csv,318,artifacts/fingerprint_validation/epoch_0_step_5000.csv,b5136911b60447ec91c8cf526828f9c0,shift-ablation-log-512,downloaded
fingerprint_validation/epoch_0_step_7500.csv,316,artifacts/fingerprint_validation/epoch_0_step_7500.csv,b5136911b60447ec91c8cf526828f9c0,shift-ablation-log-512,downloaded
shift_validation/c_epoch_0_step_10000.csv,1034,artifacts/shift_validation/c_epoch_0_step_10000.csv,42f1a64e57f7493990a9e94f3310da97,shift-ablation-linear-256,downloaded
shift_validation/c_epoch_0_step_12500.csv,1035,artifacts/shift_validation/c_epoch_0_step_12500.csv,42f1a64e57f7493990a9e94f3310da97,shift-ablation-linear-256,downloaded
shift_validation/c_epoch_0_step_15000.csv,1034,artifacts/shift_validation/c_epoch_0_step_15000.csv,42f1a64e57f7493990a9e94f3310da97,shift-ablation-linear-256,downloaded
shift_validation/c_epoch_0_step_17500.csv,1041,artifacts/shift_validation/c_epoch_0_step_17500.csv,42f1a64e57f7493990a9e94f3310da97,shift-ablation-linear-256,downloaded
shift_validation/c_epoch_0_step_20000.csv,1041,artifacts/shift_validation/c_epoch_0_step_20000.csv,42f1a64e57f7493990a9e94f3310da97,shift-ablation-linear-256,downloaded
shift_validation/c_epoch_0_step_22500.csv,1043,artifacts/shift_validation/c_epoch_0_step_22500.csv,42f1a64e57f7493990a9e94f3310da97,shift-ablation-linear-256,downloaded
shift_validation/c_epoch_0_step_2500.csv,1038,artifacts/shift_validation/c_epoch_0_step_2500.csv,42f1a64e57f7493990a9e94f3310da97,shift-ablation-linear-256,downloaded
shift_validation/c_epoch_0_step_25000.csv,1035,artifacts/shift_validation/c_epoch_0_step_25000.csv,42f1a64e57f7493990a9e94f3310da97,shift-ablation-linear-256,downloaded
shift_validation/c_epoch_0_step_27500.csv,1037,artifacts/shift_validation/c_epoch_0_step_27500.csv,42f1a64e57f7493990a9e94f3310da97,shift-ablation-linear-256,downloaded
shift_validation/c_epoch_0_step_30000.csv,1042,artifacts/shift_validation/c_epoch_0_step_30000.csv,42f1a64e57f7493990a9e94f3310da97,shift-ablation-linear-256,downloaded
shift_validation/c_epoch_0_step_5000.csv,1041,artifacts/shift_validation/c_epoch_0_step_5000.csv,42f1a64e57f7493990a9e94f3310da97,shift-ablation-linear-256,downloaded
shift_validation/c_epoch_0_step_7500.csv,1040,artifacts/shift_validation/c_epoch_0_step_7500.csv,42f1a64e57f7493990a9e94f3310da97,shift-ablation-linear-256,downloaded
shift_validation/h_epoch_0_step_10000.csv,1024,artifacts/shift_validation/h_epoch_0_step_10000.csv,42f1a64e57f7493990a9e94f3310da97,shift-ablation-linear-256,downloaded
shift_validation/h_epoch_0_step_12500.csv,1019,artifacts/shift_validation/h_epoch_0_step_12500.csv,42f1a64e57f7493990a9e94f3310da97,shift-ablation-linear-256,downloaded
shift_validation/h_epoch_0_step_15000.csv,1021,artifacts/shift_validation/h_epoch_0_step_15000.csv,42f1a64e57f7493990a9e94f3310da97,shift-ablation-linear-256,downloaded
shift_validation/h_epoch_0_step_17500.csv,1016,artifacts/shift_validation/h_epoch_0_step_17500.csv,42f1a64e57f7493990a9e94f3310da97,shift-ablation-linear-256,downloaded
shift_validation/h_epoch_0_step_20000.csv,1016,artifacts/shift_validation/h_epoch_0_step_20000.csv,42f1a64e57f7493990a9e94f3310da97,shift-ablation-linear-256,downloaded
shift_validation/h_epoch_0_step_22500.csv,1021,artifacts/shift_validation/h_epoch_0_step_22500.csv,42f1a64e57f7493990a9e94f3310da97,shift-ablation-linear-256,downloaded
shift_validation/h_epoch_0_step_2500.csv,1019,artifacts/shift_validation/h_epoch_0_step_2500.csv,42f1a64e57f7493990a9e94f3310da97,shift-ablation-linear-256,downloaded
shift_validation/h_epoch_0_step_25000.csv,1023,artifacts/shift_validation/h_epoch_0_step_25000.csv,42f1a64e57f7493990a9e94f3310da97,shift-ablation-linear-256,downloaded
shift_validation/h_epoch_0_step_27500.csv,1020,artifacts/shift_validation/h_epoch_0_step_27500.csv,42f1a64e57f7493990a9e94f3310da97,shift-ablation-linear-256,downloaded
shift_validation/h_epoch_0_step_30000.csv,1011,artifacts/shift_validation/h_epoch_0_step_30000.csv,42f1a64e57f7493990a9e94f3310da97,shift-ablation-linear-256,downloaded
shift_validation/h_epoch_0_step_5000.csv,1015,artifacts/shift_validation/h_epoch_0_step_5000.csv,42f1a64e57f7493990a9e94f3310da97,shift-ablation-linear-256,downloaded
shift_validation/h_epoch_0_step_7500.csv,1023,artifacts/shift_validation/h_epoch_0_step_7500.csv,42f1a64e57f7493990a9e94f3310da97,shift-ablation-linear-256,downloaded
fingerprint_validation/epoch_0_step_10000.csv,316,artifacts/fingerprint_validation/epoch_0_step_10000.csv,42f1a64e57f7493990a9e94f3310da97,shift-ablation-linear-256,downloaded
fingerprint_validation/epoch_0_step_12500.csv,321,artifacts/fingerprint_validation/epoch_0_step_12500.csv,42f1a64e57f7493990a9e94f3310da97,shift-ablation-linear-256,downloaded
fingerprint_validation/epoch_0_step_15000.csv,316,artifacts/fingerprint_validation/epoch_0_step_15000.csv,42f1a64e57f7493990a9e94f3310da97,shift-ablation-linear-256,downloaded
fingerprint_validation/epoch_0_step_17500.csv,318,artifacts/fingerprint_validation/epoch_0_step_17500.csv,42f1a64e57f7493990a9e94f3310da97,shift-ablation-linear-256,downloaded
fingerprint_validation/epoch_0_step_20000.csv,319,artifacts/fingerprint_validation/epoch_0_step_20000.csv,42f1a64e57f7493990a9e94f3310da97,shift-ablation-linear-256,downloaded
fingerprint_validation/epoch_0_step_22500.csv,318,artifacts/fingerprint_validation/epoch_0_step_22500.csv,42f1a64e57f7493990a9e94f3310da97,shift-ablation-linear-256,downloaded
fingerprint_validation/epoch_0_step_2500.csv,317,artifacts/fingerprint_validation/epoch_0_step_2500.csv,42f1a64e57f7493990a9e94f3310da97,shift-ablation-linear-256,downloaded
fingerprint_validation/epoch_0_step_25000.csv,319,artifacts/fingerprint_validation/epoch_0_step_25000.csv,42f1a64e57f7493990a9e94f3310da97,shift-ablation-linear-256,downloaded
fingerprint_validation/epoch_0_step_27500.csv,318,artifacts/fingerprint_validation/epoch_0_step_27500.csv,42f1a64e57f7493990a9e94f3310da97,shift-ablation-linear-256,downloaded
fingerprint_validation/epoch_0_step_30000.csv,318,artifacts/fingerprint_validation/epoch_0_step_30000.csv,42f1a64e57f7493990a9e94f3310da97,shift-ablation-linear-256,downloaded
fingerprint_validation/epoch_0_step_5000.csv,318,artifacts/fingerprint_validation/epoch_0_step_5000.csv,42f1a64e57f7493990a9e94f3310da97,shift-ablation-linear-256,downloaded
fingerprint_validation/epoch_0_step_7500.csv,321,artifacts/fingerprint_validation/epoch_0_step_7500.csv,42f1a64e57f7493990a9e94f3310da97,shift-ablation-linear-256,downloaded
