metric,run_id,run_name,script_scope,status,step,timestamp_ms,timestamp_utc,value
epoch,783969ee861043b18bb099729505f081,shift-ablation-log-256,script_run,FINISHED,29999,1788804398801,2026-09-07T18:06:38.801000+00:00,0.0
lr-AdamW,783969ee861043b18bb099729505f081,shift-ablation-log-256,script_run,FINISHED,29999,1788804260438,2026-09-07T18:04:20.438000+00:00,0.0001
memory/gpu_peak_allocated_mb,783969ee861043b18bb099729505f081,shift-ablation-log-256,script_run,FINISHED,29999,1788804398801,2026-09-07T18:06:38.801000+00:00,67239.3125
memory/gpu_peak_reserved_mb,783969ee861043b18bb099729505f081,shift-ablation-log-256,script_run,FINISHED,29999,1788804398801,2026-09-07T18:06:38.801000+00:00,68196.0
probe/maccs_macro_auroc,783969ee861043b18bb099729505f081,shift-ablation-log-256,script_run,FINISHED,29999,1788804388067,2026-09-07T18:06:28.067000+00:00,0.8000226616859436
train/fp_loss,783969ee861043b18bb099729505f081,shift-ablation-log-256,script_run,FINISHED,29999,1788804272098,2026-09-07T18:04:32.098000+00:00,0.48675504326820374
train/loss,783969ee861043b18bb099729505f081,shift-ablation-log-256,script_run,FINISHED,29999,1788804272098,2026-09-07T18:04:32.098000+00:00,5.19724702835083
train/shift,783969ee861043b18bb099729505f081,shift-ablation-log-256,script_run,FINISHED,29999,1788804272098,2026-09-07T18:04:32.098000+00:00,5.124233722686768
train/shift/c,783969ee861043b18bb099729505f081,shift-ablation-log-256,script_run,FINISHED,29999,1788804272098,2026-09-07T18:04:32.098000+00:00,5.331743240356445
train/shift/h,783969ee861043b18bb099729505f081,shift-ablation-log-256,script_run,FINISHED,29999,1788804272098,2026-09-07T18:04:32.098000+00:00,4.91672420501709
val/datasets/nmrgym/fp_loss,783969ee861043b18bb099729505f081,shift-ablation-log-256,script_run,FINISHED,29999,1788804388067,2026-09-07T18:06:28.067000+00:00,0.5121933817863464
val/datasets/nmrgym/fp_macro_mae,783969ee861043b18bb099729505f081,shift-ablation-log-256,script_run,FINISHED,29999,1788804388067,2026-09-07T18:06:28.067000+00:00,0.14073596894741058
val/datasets/nmrgym/fp_mae,783969ee861043b18bb099729505f081,shift-ablation-log-256,script_run,FINISHED,29999,1788804388067,2026-09-07T18:06:28.067000+00:00,0.04277391731739044
val/datasets/nmrgym/loss,783969ee861043b18bb099729505f081,shift-ablation-log-256,script_run,FINISHED,29999,1788804388067,2026-09-07T18:06:28.067000+00:00,5.806840419769287
val/datasets/nmrgym/shift,783969ee861043b18bb099729505f081,shift-ablation-log-256,script_run,FINISHED,29999,1788804388067,2026-09-07T18:06:28.067000+00:00,5.730010986328125
val/datasets/nmrgym/shift/c_mae_ppm,783969ee861043b18bb099729505f081,shift-ablation-log-256,script_run,FINISHED,29999,1788804388067,2026-09-07T18:06:28.067000+00:00,32.8084831237793
val/datasets/nmrgym/shift/h_mae_ppm,783969ee861043b18bb099729505f081,shift-ablation-log-256,script_run,FINISHED,29999,1788804388067,2026-09-07T18:06:28.067000+00:00,1.4565764665603638
val/datasets/nmrgym/shift_c,783969ee861043b18bb099729505f081,shift-ablation-log-256,script_run,FINISHED,29999,1788804388067,2026-09-07T18:06:28.067000+00:00,6.0798234939575195
val/datasets/nmrgym/shift_h,783969ee861043b18bb099729505f081,shift-ablation-log-256,script_run,FINISHED,29999,1788804388067,2026-09-07T18:06:28.067000+00:00,5.380199432373047
val/datasets/rich/fp_loss,783969ee861043b18bb099729505f081,shift-ablation-log-256,script_run,FINISHED,29999,1788804388067,2026-09-07T18:06:28.067000+00:00,0.6446641087532043
val/datasets/rich/fp_macro_mae,783969ee861043b18bb099729505f081,shift-ablation-log-256,script_run,FINISHED,29999,1788804388067,2026-09-07T18:06:28.067000+00:00,0.17427928745746613
val/datasets/rich/fp_mae,783969ee861043b18bb099729505f081,shift-ablation-log-256,script_run,FINISHED,29999,1788804388067,2026-09-07T18:06:28.067000+00:00,0.055910661816596985
val/datasets/rich/loss,783969ee861043b18bb099729505f081,shift-ablation-log-256,script_run,FINISHED,29999,1788804388067,2026-09-07T18:06:28.067000+00:00,5.562167167663574
val/datasets/rich/shift,783969ee861043b18bb099729505f081,shift-ablation-log-256,script_run,FINISHED,29999,1788804388067,2026-09-07T18:06:28.067000+00:00,5.46546745300293
val/datasets/rich/shift/c_mae_ppm,783969ee861043b18bb099729505f081,shift-ablation-log-256,script_run,FINISHED,29999,1788804388067,2026-09-07T18:06:28.067000+00:00,25.086036682128906
val/datasets/rich/shift/h_mae_ppm,783969ee861043b18bb099729505f081,shift-ablation-log-256,script_run,FINISHED,29999,1788804388067,2026-09-07T18:06:28.067000+00:00,1.3871417045593262
val/datasets/rich/shift_c,783969ee861043b18bb099729505f081,shift-ablation-log-256,script_run,FINISHED,29999,1788804388067,2026-09-07T18:06:28.067000+00:00,5.676809787750244
val/datasets/rich/shift_h,783969ee861043b18bb099729505f081,shift-ablation-log-256,script_run,FINISHED,29999,1788804388067,2026-09-07T18:06:28.067000+00:00,5.254125118255615
val/datasets/simnmr/fp_loss,783969ee861043b18bb099729505f081,shift-ablation-log-256,script_run,FINISHED,29999,1788804388067,2026-09-07T18:06:28.067000+00:00,0.4169948697090149
val/datasets/simnmr/fp_macro_mae,783969ee861043b18bb099729505f081,shift-ablation-log-256,script_run,FINISHED,29999,1788804388067,2026-09-07T18:06:28.067000+00:00,0.11534730345010757
val/datasets/simnmr/fp_mae,783969ee861043b18bb099729505f081,shift-ablation-log-256,script_run,FINISHED,29999,1788804388067,2026-09-07T18:06:28.067000+00:00,0.041615117341279984
val/datasets/simnmr/loss,783969ee861043b18bb099729505f081,shift-ablation-log-256,script_run,FINISHED,29999,1788804388067,2026-09-07T18:06:28.067000+00:00,5.1303887367248535
val/datasets/simnmr/shift,783969ee861043b18bb099729505f081,shift-ablation-log-256,script_run,FINISHED,29999,1788804388067,2026-09-07T18:06:28.067000+00:00,5.067838191986084
val/datasets/simnmr/shift/c_mae_ppm,783969ee861043b18bb099729505f081,shift-ablation-log-256,script_run,FINISHED,29999,1788804388067,2026-09-07T18:06:28.067000+00:00,18.49178695678711
val/datasets/simnmr/shift/h_mae_ppm,783969ee861043b18bb099729505f081,shift-ablation-log-256,script_run,FINISHED,29999,1788804388067,2026-09-07T18:06:28.067000+00:00,1.0069671869277954
val/datasets/simnmr/shift_c,783969ee861043b18bb099729505f081,shift-ablation-log-256,script_run,FINISHED,29999,1788804388067,2026-09-07T18:06:28.067000+00:00,5.311990261077881
val/datasets/simnmr/shift_h,783969ee861043b18bb099729505f081,shift-ablation-log-256,script_run,FINISHED,29999,1788804388067,2026-09-07T18:06:28.067000+00:00,4.823688507080078
val/fp_loss,783969ee861043b18bb099729505f081,shift-ablation-log-256,script_run,FINISHED,29999,1788804388067,2026-09-07T18:06:28.067000+00:00,0.5029188394546509
val/fp_macro_mae,783969ee861043b18bb099729505f081,shift-ablation-log-256,script_run,FINISHED,29999,1788804388067,2026-09-07T18:06:28.067000+00:00,0.13220305740833282
val/fp_mae,783969ee861043b18bb099729505f081,shift-ablation-log-256,script_run,FINISHED,29999,1788804388067,2026-09-07T18:06:28.067000+00:00,0.02310892380774021
val/loss,783969ee861043b18bb099729505f081,shift-ablation-log-256,script_run,FINISHED,29999,1788804388067,2026-09-07T18:06:28.067000+00:00,5.327788829803467
val/shift,783969ee861043b18bb099729505f081,shift-ablation-log-256,script_run,FINISHED,29999,1788804388067,2026-09-07T18:06:28.067000+00:00,5.252351760864258
val/shift/c_mae_ppm,783969ee861043b18bb099729505f081,shift-ablation-log-256,script_run,FINISHED,29999,1788804388067,2026-09-07T18:06:28.067000+00:00,21.697988510131836
val/shift/h_mae_ppm,783969ee861043b18bb099729505f081,shift-ablation-log-256,script_run,FINISHED,29999,1788804388067,2026-09-07T18:06:28.067000+00:00,1.165893793106079
val/shift_c,783969ee861043b18bb099729505f081,shift-ablation-log-256,script_run,FINISHED,29999,1788804388067,2026-09-07T18:06:28.067000+00:00,5.492412090301514
val/shift_h,783969ee861043b18bb099729505f081,shift-ablation-log-256,script_run,FINISHED,29999,1788804388067,2026-09-07T18:06:28.067000+00:00,5.012291431427002
epoch,a86f60d8871043a38565254877427b87,shift-ablation-log-128,script_run,FINISHED,29999,1788820989152,2026-09-07T22:43:09.152000+00:00,0.0
lr-AdamW,a86f60d8871043a38565254877427b87,shift-ablation-log-128,script_run,FINISHED,29999,1788820850826,2026-09-07T22:40:50.826000+00:00,0.0001
memory/gpu_peak_allocated_mb,a86f60d8871043a38565254877427b87,shift-ablation-log-128,script_run,FINISHED,29999,1788820989152,2026-09-07T22:43:09.152000+00:00,67120.4921875
memory/gpu_peak_reserved_mb,a86f60d8871043a38565254877427b87,shift-ablation-log-128,script_run,FINISHED,29999,1788820989152,2026-09-07T22:43:09.152000+00:00,76230.0
probe/maccs_macro_auroc,a86f60d8871043a38565254877427b87,shift-ablation-log-128,script_run,FINISHED,29999,1788820978626,2026-09-07T22:42:58.626000+00:00,0.7981753945350647
train/fp_loss,a86f60d8871043a38565254877427b87,shift-ablation-log-128,script_run,FINISHED,29999,1788820862328,2026-09-07T22:41:02.328000+00:00,0.4883471429347992
train/loss,a86f60d8871043a38565254877427b87,shift-ablation-log-128,script_run,FINISHED,29999,1788820862328,2026-09-07T22:41:02.328000+00:00,5.191422939300537
train/shift,a86f60d8871043a38565254877427b87,shift-ablation-log-128,script_run,FINISHED,29999,1788820862328,2026-09-07T22:41:02.328000+00:00,5.118170738220215
train/shift/c,a86f60d8871043a38565254877427b87,shift-ablation-log-128,script_run,FINISHED,29999,1788820862328,2026-09-07T22:41:02.328000+00:00,5.364881992340088
train/shift/h,a86f60d8871043a38565254877427b87,shift-ablation-log-128,script_run,FINISHED,29999,1788820862328,2026-09-07T22:41:02.328000+00:00,4.8714599609375
val/datasets/nmrgym/fp_loss,a86f60d8871043a38565254877427b87,shift-ablation-log-128,script_run,FINISHED,29999,1788820978626,2026-09-07T22:42:58.626000+00:00,0.5680780410766602
val/datasets/nmrgym/fp_macro_mae,a86f60d8871043a38565254877427b87,shift-ablation-log-128,script_run,FINISHED,29999,1788820978626,2026-09-07T22:42:58.626000+00:00,0.14779751002788544
val/datasets/nmrgym/fp_mae,a86f60d8871043a38565254877427b87,shift-ablation-log-128,script_run,FINISHED,29999,1788820978626,2026-09-07T22:42:58.626000+00:00,0.04518170654773712
val/datasets/nmrgym/loss,a86f60d8871043a38565254877427b87,shift-ablation-log-128,script_run,FINISHED,29999,1788820978626,2026-09-07T22:42:58.626000+00:00,5.805180549621582
val/datasets/nmrgym/shift,a86f60d8871043a38565254877427b87,shift-ablation-log-128,script_run,FINISHED,29999,1788820978626,2026-09-07T22:42:58.626000+00:00,5.719968795776367
val/datasets/nmrgym/shift/c_mae_ppm,a86f60d8871043a38565254877427b87,shift-ablation-log-128,script_run,FINISHED,29999,1788820978626,2026-09-07T22:42:58.626000+00:00,32.71106719970703
val/datasets/nmrgym/shift/h_mae_ppm,a86f60d8871043a38565254877427b87,shift-ablation-log-128,script_run,FINISHED,29999,1788820978626,2026-09-07T22:42:58.626000+00:00,1.4532195329666138
val/datasets/nmrgym/shift_c,a86f60d8871043a38565254877427b87,shift-ablation-log-128,script_run,FINISHED,29999,1788820978626,2026-09-07T22:42:58.626000+00:00,6.065291881561279
val/datasets/nmrgym/shift_h,a86f60d8871043a38565254877427b87,shift-ablation-log-128,script_run,FINISHED,29999,1788820978626,2026-09-07T22:42:58.626000+00:00,5.374646186828613
val/datasets/rich/fp_loss,a86f60d8871043a38565254877427b87,shift-ablation-log-128,script_run,FINISHED,29999,1788820978626,2026-09-07T22:42:58.626000+00:00,0.6615563631057739
val/datasets/rich/fp_macro_mae,a86f60d8871043a38565254877427b87,shift-ablation-log-128,script_run,FINISHED,29999,1788820978626,2026-09-07T22:42:58.626000+00:00,0.17684857547283173
val/datasets/rich/fp_mae,a86f60d8871043a38565254877427b87,shift-ablation-log-128,script_run,FINISHED,29999,1788820978626,2026-09-07T22:42:58.626000+00:00,0.05718405172228813
val/datasets/rich/loss,a86f60d8871043a38565254877427b87,shift-ablation-log-128,script_run,FINISHED,29999,1788820978626,2026-09-07T22:42:58.626000+00:00,5.579566955566406
val/datasets/rich/shift,a86f60d8871043a38565254877427b87,shift-ablation-log-128,script_run,FINISHED,29999,1788820978626,2026-09-07T22:42:58.626000+00:00,5.480334281921387
val/datasets/rich/shift/c_mae_ppm,a86f60d8871043a38565254877427b87,shift-ablation-log-128,script_run,FINISHED,29999,1788820978626,2026-09-07T22:42:58.626000+00:00,25.572229385375977
val/datasets/rich/shift/h_mae_ppm,a86f60d8871043a38565254877427b87,shift-ablation-log-128,script_run,FINISHED,29999,1788820978626,2026-09-07T22:42:58.626000+00:00,1.3945541381835938
val/datasets/rich/shift_c,a86f60d8871043a38565254877427b87,shift-ablation-log-128,script_run,FINISHED,29999,1788820978626,2026-09-07T22:42:58.626000+00:00,5.697534561157227
val/datasets/rich/shift_h,a86f60d8871043a38565254877427b87,shift-ablation-log-128,script_run,FINISHED,29999,1788820978626,2026-09-07T22:42:58.626000+00:00,5.2631330490112305
val/datasets/simnmr/fp_loss,a86f60d8871043a38565254877427b87,shift-ablation-log-128,script_run,FINISHED,29999,1788820978626,2026-09-07T22:42:58.626000+00:00,0.4476315975189209
val/datasets/simnmr/fp_macro_mae,a86f60d8871043a38565254877427b87,shift-ablation-log-128,script_run,FINISHED,29999,1788820978626,2026-09-07T22:42:58.626000+00:00,0.11487209796905518
val/datasets/simnmr/fp_mae,a86f60d8871043a38565254877427b87,shift-ablation-log-128,script_run,FINISHED,29999,1788820978626,2026-09-07T22:42:58.626000+00:00,0.0436294786632061
val/datasets/simnmr/loss,a86f60d8871043a38565254877427b87,shift-ablation-log-128,script_run,FINISHED,29999,1788820978626,2026-09-07T22:42:58.626000+00:00,5.133561134338379
val/datasets/simnmr/shift,a86f60d8871043a38565254877427b87,shift-ablation-log-128,script_run,FINISHED,29999,1788820978626,2026-09-07T22:42:58.626000+00:00,5.066416263580322
val/datasets/simnmr/shift/c_mae_ppm,a86f60d8871043a38565254877427b87,shift-ablation-log-128,script_run,FINISHED,29999,1788820978626,2026-09-07T22:42:58.626000+00:00,18.427705764770508
val/datasets/simnmr/shift/h_mae_ppm,a86f60d8871043a38565254877427b87,shift-ablation-log-128,script_run,FINISHED,29999,1788820978626,2026-09-07T22:42:58.626000+00:00,1.0021541118621826
val/datasets/simnmr/shift_c,a86f60d8871043a38565254877427b87,shift-ablation-log-128,script_run,FINISHED,29999,1788820978626,2026-09-07T22:42:58.626000+00:00,5.311195373535156
val/datasets/simnmr/shift_h,a86f60d8871043a38565254877427b87,shift-ablation-log-128,script_run,FINISHED,29999,1788820978626,2026-09-07T22:42:58.626000+00:00,4.821636199951172
val/fp_loss,a86f60d8871043a38565254877427b87,shift-ablation-log-128,script_run,FINISHED,29999,1788820978626,2026-09-07T22:42:58.626000+00:00,0.5305212140083313
val/fp_macro_mae,a86f60d8871043a38565254877427b87,shift-ablation-log-128,script_run,FINISHED,29999,1788820978626,2026-09-07T22:42:58.626000+00:00,0.13637959957122803
val/fp_mae,a86f60d8871043a38565254877427b87,shift-ablation-log-128,script_run,FINISHED,29999,1788820978626,2026-09-07T22:42:58.626000+00:00,0.024129541590809822
val/loss,a86f60d8871043a38565254877427b87,shift-ablation-log-128,script_run,FINISHED,29999,1788820978626,2026-09-07T22:42:58.626000+00:00,5.335583209991455
val/shift,a86f60d8871043a38565254877427b87,shift-ablation-log-128,script_run,FINISHED,29999,1788820978626,2026-09-07T22:42:58.626000+00:00,5.25600528717041
val/shift/c_mae_ppm,a86f60d8871043a38565254877427b87,shift-ablation-log-128,script_run,FINISHED,29999,1788820978626,2026-09-07T22:42:58.626000+00:00,21.81381607055664
val/shift/h_mae_ppm,a86f60d8871043a38565254877427b87,shift-ablation-log-128,script_run,FINISHED,29999,1788820978626,2026-09-07T22:42:58.626000+00:00,1.1652661561965942
val/shift_c,a86f60d8871043a38565254877427b87,shift-ablation-log-128,script_run,FINISHED,29999,1788820978626,2026-09-07T22:42:58.626000+00:00,5.498159408569336
val/shift_h,a86f60d8871043a38565254877427b87,shift-ablation-log-128,script_run,FINISHED,29999,1788820978626,2026-09-07T22:42:58.626000+00:00,5.013851165771484
epoch,b5136911b60447ec91c8cf526828f9c0,shift-ablation-log-512,script_run,FINISHED,29999,1788837546902,2026-09-08T03:19:06.902000+00:00,0.0
lr-AdamW,b5136911b60447ec91c8cf526828f9c0,shift-ablation-log-512,script_run,FINISHED,29999,1788837409949,2026-09-08T03:16:49.949000+00:00,0.0001
memory/gpu_peak_allocated_mb,b5136911b60447ec91c8cf526828f9c0,shift-ablation-log-512,script_run,FINISHED,29999,1788837546902,2026-09-08T03:19:06.902000+00:00,67487.171875
memory/gpu_peak_reserved_mb,b5136911b60447ec91c8cf526828f9c0,shift-ablation-log-512,script_run,FINISHED,29999,1788837546902,2026-09-08T03:19:06.902000+00:00,76748.0
probe/maccs_macro_auroc,b5136911b60447ec91c8cf526828f9c0,shift-ablation-log-512,script_run,FINISHED,29999,1788837536899,2026-09-08T03:18:56.899000+00:00,0.7992775440216064
train/fp_loss,b5136911b60447ec91c8cf526828f9c0,shift-ablation-log-512,script_run,FINISHED,29999,1788837420337,2026-09-08T03:17:00.337000+00:00,0.48736557364463806
train/loss,b5136911b60447ec91c8cf526828f9c0,shift-ablation-log-512,script_run,FINISHED,29999,1788837420337,2026-09-08T03:17:00.337000+00:00,5.206900596618652
train/shift,b5136911b60447ec91c8cf526828f9c0,shift-ablation-log-512,script_run,FINISHED,29999,1788837420337,2026-09-08T03:17:00.337000+00:00,5.133795738220215
train/shift/c,b5136911b60447ec91c8cf526828f9c0,shift-ablation-log-512,script_run,FINISHED,29999,1788837420337,2026-09-08T03:17:00.337000+00:00,5.394166946411133
train/shift/h,b5136911b60447ec91c8cf526828f9c0,shift-ablation-log-512,script_run,FINISHED,29999,1788837420337,2026-09-08T03:17:00.337000+00:00,4.873425006866455
val/datasets/nmrgym/fp_loss,b5136911b60447ec91c8cf526828f9c0,shift-ablation-log-512,script_run,FINISHED,29999,1788837536899,2026-09-08T03:18:56.899000+00:00,0.5571574568748474
val/datasets/nmrgym/fp_macro_mae,b5136911b60447ec91c8cf526828f9c0,shift-ablation-log-512,script_run,FINISHED,29999,1788837536899,2026-09-08T03:18:56.899000+00:00,0.15452127158641815
val/datasets/nmrgym/fp_mae,b5136911b60447ec91c8cf526828f9c0,shift-ablation-log-512,script_run,FINISHED,29999,1788837536899,2026-09-08T03:18:56.899000+00:00,0.04508082941174507
val/datasets/nmrgym/loss,b5136911b60447ec91c8cf526828f9c0,shift-ablation-log-512,script_run,FINISHED,29999,1788837536899,2026-09-08T03:18:56.899000+00:00,5.813034534454346
val/datasets/nmrgym/shift,b5136911b60447ec91c8cf526828f9c0,shift-ablation-log-512,script_run,FINISHED,29999,1788837536899,2026-09-08T03:18:56.899000+00:00,5.729460716247559
val/datasets/nmrgym/shift/c_mae_ppm,b5136911b60447ec91c8cf526828f9c0,shift-ablation-log-512,script_run,FINISHED,29999,1788837536899,2026-09-08T03:18:56.899000+00:00,32.27652359008789
val/datasets/nmrgym/shift/h_mae_ppm,b5136911b60447ec91c8cf526828f9c0,shift-ablation-log-512,script_run,FINISHED,29999,1788837536899,2026-09-08T03:18:56.899000+00:00,1.4517790079116821
val/datasets/nmrgym/shift_c,b5136911b60447ec91c8cf526828f9c0,shift-ablation-log-512,script_run,FINISHED,29999,1788837536899,2026-09-08T03:18:56.899000+00:00,6.076481819152832
val/datasets/nmrgym/shift_h,b5136911b60447ec91c8cf526828f9c0,shift-ablation-log-512,script_run,FINISHED,29999,1788837536899,2026-09-08T03:18:56.899000+00:00,5.382440090179443
val/datasets/rich/fp_loss,b5136911b60447ec91c8cf526828f9c0,shift-ablation-log-512,script_run,FINISHED,29999,1788837536899,2026-09-08T03:18:56.899000+00:00,0.6616737246513367
val/datasets/rich/fp_macro_mae,b5136911b60447ec91c8cf526828f9c0,shift-ablation-log-512,script_run,FINISHED,29999,1788837536899,2026-09-08T03:18:56.899000+00:00,0.17982825636863708
val/datasets/rich/fp_mae,b5136911b60447ec91c8cf526828f9c0,shift-ablation-log-512,script_run,FINISHED,29999,1788837536899,2026-09-08T03:18:56.899000+00:00,0.05747619643807411
val/datasets/rich/loss,b5136911b60447ec91c8cf526828f9c0,shift-ablation-log-512,script_run,FINISHED,29999,1788837536899,2026-09-08T03:18:56.899000+00:00,5.5706915855407715
val/datasets/rich/shift,b5136911b60447ec91c8cf526828f9c0,shift-ablation-log-512,script_run,FINISHED,29999,1788837536899,2026-09-08T03:18:56.899000+00:00,5.471440315246582
val/datasets/rich/shift/c_mae_ppm,b5136911b60447ec91c8cf526828f9c0,shift-ablation-log-512,script_run,FINISHED,29999,1788837536899,2026-09-08T03:18:56.899000+00:00,25.61931800842285
val/datasets/rich/shift/h_mae_ppm,b5136911b60447ec91c8cf526828f9c0,shift-ablation-log-512,script_run,FINISHED,29999,1788837536899,2026-09-08T03:18:56.899000+00:00,1.3991719484329224
val/datasets/rich/shift_c,b5136911b60447ec91c8cf526828f9c0,shift-ablation-log-512,script_run,FINISHED,29999,1788837536899,2026-09-08T03:18:56.899000+00:00,5.688981056213379
val/datasets/rich/shift_h,b5136911b60447ec91c8cf526828f9c0,shift-ablation-log-512,script_run,FINISHED,29999,1788837536899,2026-09-08T03:18:56.899000+00:00,5.253899097442627
val/datasets/simnmr/fp_loss,b5136911b60447ec91c8cf526828f9c0,shift-ablation-log-512,script_run,FINISHED,29999,1788837536899,2026-09-08T03:18:56.899000+00:00,0.42932069301605225
val/datasets/simnmr/fp_macro_mae,b5136911b60447ec91c8cf526828f9c0,shift-ablation-log-512,script_run,FINISHED,29999,1788837536899,2026-09-08T03:18:56.899000+00:00,0.12398997694253922
val/datasets/simnmr/fp_mae,b5136911b60447ec91c8cf526828f9c0,shift-ablation-log-512,script_run,FINISHED,29999,1788837536899,2026-09-08T03:18:56.899000+00:00,0.04221666604280472
val/datasets/simnmr/loss,b5136911b60447ec91c8cf526828f9c0,shift-ablation-log-512,script_run,FINISHED,29999,1788837536899,2026-09-08T03:18:56.899000+00:00,5.130609512329102
val/datasets/simnmr/shift,b5136911b60447ec91c8cf526828f9c0,shift-ablation-log-512,script_run,FINISHED,29999,1788837536899,2026-09-08T03:18:56.899000+00:00,5.066211700439453
val/datasets/simnmr/shift/c_mae_ppm,b5136911b60447ec91c8cf526828f9c0,shift-ablation-log-512,script_run,FINISHED,29999,1788837536899,2026-09-08T03:18:56.899000+00:00,18.343307495117188
val/datasets/simnmr/shift/h_mae_ppm,b5136911b60447ec91c8cf526828f9c0,shift-ablation-log-512,script_run,FINISHED,29999,1788837536899,2026-09-08T03:18:56.899000+00:00,1.0090839862823486
val/datasets/simnmr/shift_c,b5136911b60447ec91c8cf526828f9c0,shift-ablation-log-512,script_run,FINISHED,29999,1788837536899,2026-09-08T03:18:56.899000+00:00,5.305125713348389
val/datasets/simnmr/shift_h,b5136911b60447ec91c8cf526828f9c0,shift-ablation-log-512,script_run,FINISHED,29999,1788837536899,2026-09-08T03:18:56.899000+00:00,4.827298641204834
val/fp_loss,b5136911b60447ec91c8cf526828f9c0,shift-ablation-log-512,script_run,FINISHED,29999,1788837536899,2026-09-08T03:18:56.899000+00:00,0.5191433429718018
val/fp_macro_mae,b5136911b60447ec91c8cf526828f9c0,shift-ablation-log-512,script_run,FINISHED,29999,1788837536899,2026-09-08T03:18:56.899000+00:00,0.1434105485677719
val/fp_mae,b5136911b60447ec91c8cf526828f9c0,shift-ablation-log-512,script_run,FINISHED,29999,1788837536899,2026-09-08T03:18:56.899000+00:00,0.02372451312839985
val/loss,b5136911b60447ec91c8cf526828f9c0,shift-ablation-log-512,script_run,FINISHED,29999,1788837536899,2026-09-08T03:18:56.899000+00:00,5.3313188552856445
val/shift,b5136911b60447ec91c8cf526828f9c0,shift-ablation-log-512,script_run,FINISHED,29999,1788837536899,2026-09-08T03:18:56.899000+00:00,5.253446102142334
val/shift/c_mae_ppm,b5136911b60447ec91c8cf526828f9c0,shift-ablation-log-512,script_run,FINISHED,29999,1788837536899,2026-09-08T03:18:56.899000+00:00,21.747987747192383
val/shift/h_mae_ppm,b5136911b60447ec91c8cf526828f9c0,shift-ablation-log-512,script_run,FINISHED,29999,1788837536899,2026-09-08T03:18:56.899000+00:00,1.1708287000656128
val/shift_c,b5136911b60447ec91c8cf526828f9c0,shift-ablation-log-512,script_run,FINISHED,29999,1788837536899,2026-09-08T03:18:56.899000+00:00,5.4924235343933105
val/shift_h,b5136911b60447ec91c8cf526828f9c0,shift-ablation-log-512,script_run,FINISHED,29999,1788837536899,2026-09-08T03:18:56.899000+00:00,5.014468669891357
epoch,42f1a64e57f7493990a9e94f3310da97,shift-ablation-linear-256,script_run,FINISHED,29999,1788854213912,2026-09-08T07:56:53.912000+00:00,0.0
lr-AdamW,42f1a64e57f7493990a9e94f3310da97,shift-ablation-linear-256,script_run,FINISHED,29999,1788854073968,2026-09-08T07:54:33.968000+00:00,0.0001
memory/gpu_peak_allocated_mb,42f1a64e57f7493990a9e94f3310da97,shift-ablation-linear-256,script_run,FINISHED,29999,1788854213912,2026-09-08T07:56:53.912000+00:00,67239.3125
memory/gpu_peak_reserved_mb,42f1a64e57f7493990a9e94f3310da97,shift-ablation-linear-256,script_run,FINISHED,29999,1788854213912,2026-09-08T07:56:53.912000+00:00,68196.0
probe/maccs_macro_auroc,42f1a64e57f7493990a9e94f3310da97,shift-ablation-linear-256,script_run,FINISHED,29999,1788854202747,2026-09-08T07:56:42.747000+00:00,0.7217154502868652
train/fp_loss,42f1a64e57f7493990a9e94f3310da97,shift-ablation-linear-256,script_run,FINISHED,29999,1788854085021,2026-09-08T07:54:45.021000+00:00,0.48981767892837524
train/loss,42f1a64e57f7493990a9e94f3310da97,shift-ablation-linear-256,script_run,FINISHED,29999,1788854085021,2026-09-08T07:54:45.021000+00:00,5.2556633949279785
train/shift,42f1a64e57f7493990a9e94f3310da97,shift-ablation-linear-256,script_run,FINISHED,29999,1788854085021,2026-09-08T07:54:45.021000+00:00,5.182190895080566
train/shift/c,42f1a64e57f7493990a9e94f3310da97,shift-ablation-linear-256,script_run,FINISHED,29999,1788854085021,2026-09-08T07:54:45.021000+00:00,5.402951240539551
train/shift/h,42f1a64e57f7493990a9e94f3310da97,shift-ablation-linear-256,script_run,FINISHED,29999,1788854085021,2026-09-08T07:54:45.021000+00:00,4.961430549621582
val/datasets/nmrgym/fp_loss,42f1a64e57f7493990a9e94f3310da97,shift-ablation-linear-256,script_run,FINISHED,29999,1788854202747,2026-09-08T07:56:42.747000+00:00,0.5235971808433533
val/datasets/nmrgym/fp_macro_mae,42f1a64e57f7493990a9e94f3310da97,shift-ablation-linear-256,script_run,FINISHED,29999,1788854202747,2026-09-08T07:56:42.747000+00:00,0.14570605754852295
val/datasets/nmrgym/fp_mae,42f1a64e57f7493990a9e94f3310da97,shift-ablation-linear-256,script_run,FINISHED,29999,1788854202747,2026-09-08T07:56:42.747000+00:00,0.043161485344171524
val/datasets/nmrgym/loss,42f1a64e57f7493990a9e94f3310da97,shift-ablation-linear-256,script_run,FINISHED,29999,1788854202747,2026-09-08T07:56:42.747000+00:00,5.804450988769531
val/datasets/nmrgym/shift,42f1a64e57f7493990a9e94f3310da97,shift-ablation-linear-256,script_run,FINISHED,29999,1788854202747,2026-09-08T07:56:42.747000+00:00,5.7259111404418945
val/datasets/nmrgym/shift/c_mae_ppm,42f1a64e57f7493990a9e94f3310da97,shift-ablation-linear-256,script_run,FINISHED,29999,1788854202747,2026-09-08T07:56:42.747000+00:00,32.73735046386719
val/datasets/nmrgym/shift/h_mae_ppm,42f1a64e57f7493990a9e94f3310da97,shift-ablation-linear-256,script_run,FINISHED,29999,1788854202747,2026-09-08T07:56:42.747000+00:00,1.446974754333496
val/datasets/nmrgym/shift_c,42f1a64e57f7493990a9e94f3310da97,shift-ablation-linear-256,script_run,FINISHED,29999,1788854202747,2026-09-08T07:56:42.747000+00:00,6.077763557434082
val/datasets/nmrgym/shift_h,42f1a64e57f7493990a9e94f3310da97,shift-ablation-linear-256,script_run,FINISHED,29999,1788854202747,2026-09-08T07:56:42.747000+00:00,5.374059200286865
val/datasets/rich/fp_loss,42f1a64e57f7493990a9e94f3310da97,shift-ablation-linear-256,script_run,FINISHED,29999,1788854202747,2026-09-08T07:56:42.747000+00:00,0.6422743201255798
val/datasets/rich/fp_macro_mae,42f1a64e57f7493990a9e94f3310da97,shift-ablation-linear-256,script_run,FINISHED,29999,1788854202747,2026-09-08T07:56:42.747000+00:00,0.17800651490688324
val/datasets/rich/fp_mae,42f1a64e57f7493990a9e94f3310da97,shift-ablation-linear-256,script_run,FINISHED,29999,1788854202747,2026-09-08T07:56:42.747000+00:00,0.054484929889440536
val/datasets/rich/loss,42f1a64e57f7493990a9e94f3310da97,shift-ablation-linear-256,script_run,FINISHED,29999,1788854202747,2026-09-08T07:56:42.747000+00:00,5.590619087219238
val/datasets/rich/shift,42f1a64e57f7493990a9e94f3310da97,shift-ablation-linear-256,script_run,FINISHED,29999,1788854202747,2026-09-08T07:56:42.747000+00:00,5.494277000427246
val/datasets/rich/shift/c_mae_ppm,42f1a64e57f7493990a9e94f3310da97,shift-ablation-linear-256,script_run,FINISHED,29999,1788854202747,2026-09-08T07:56:42.747000+00:00,25.37244987487793
val/datasets/rich/shift/h_mae_ppm,42f1a64e57f7493990a9e94f3310da97,shift-ablation-linear-256,script_run,FINISHED,29999,1788854202747,2026-09-08T07:56:42.747000+00:00,1.4056462049484253
val/datasets/rich/shift_c,42f1a64e57f7493990a9e94f3310da97,shift-ablation-linear-256,script_run,FINISHED,29999,1788854202747,2026-09-08T07:56:42.747000+00:00,5.710719108581543
val/datasets/rich/shift_h,42f1a64e57f7493990a9e94f3310da97,shift-ablation-linear-256,script_run,FINISHED,29999,1788854202747,2026-09-08T07:56:42.747000+00:00,5.277836322784424
val/datasets/simnmr/fp_loss,42f1a64e57f7493990a9e94f3310da97,shift-ablation-linear-256,script_run,FINISHED,29999,1788854202747,2026-09-08T07:56:42.747000+00:00,0.41634735465049744
val/datasets/simnmr/fp_macro_mae,42f1a64e57f7493990a9e94f3310da97,shift-ablation-linear-256,script_run,FINISHED,29999,1788854202747,2026-09-08T07:56:42.747000+00:00,0.11614500731229782
val/datasets/simnmr/fp_mae,42f1a64e57f7493990a9e94f3310da97,shift-ablation-linear-256,script_run,FINISHED,29999,1788854202747,2026-09-08T07:56:42.747000+00:00,0.040927350521087646
val/datasets/simnmr/loss,42f1a64e57f7493990a9e94f3310da97,shift-ablation-linear-256,script_run,FINISHED,29999,1788854202747,2026-09-08T07:56:42.747000+00:00,5.184012413024902
val/datasets/simnmr/shift,42f1a64e57f7493990a9e94f3310da97,shift-ablation-linear-256,script_run,FINISHED,29999,1788854202747,2026-09-08T07:56:42.747000+00:00,5.121560096740723
val/datasets/simnmr/shift/c_mae_ppm,42f1a64e57f7493990a9e94f3310da97,shift-ablation-linear-256,script_run,FINISHED,29999,1788854202747,2026-09-08T07:56:42.747000+00:00,18.827106475830078
val/datasets/simnmr/shift/h_mae_ppm,42f1a64e57f7493990a9e94f3310da97,shift-ablation-linear-256,script_run,FINISHED,29999,1788854202747,2026-09-08T07:56:42.747000+00:00,1.0385148525238037
val/datasets/simnmr/shift_c,42f1a64e57f7493990a9e94f3310da97,shift-ablation-linear-256,script_run,FINISHED,29999,1788854202747,2026-09-08T07:56:42.747000+00:00,5.369199275970459
val/datasets/simnmr/shift_h,42f1a64e57f7493990a9e94f3310da97,shift-ablation-linear-256,script_run,FINISHED,29999,1788854202747,2026-09-08T07:56:42.747000+00:00,4.873920917510986
val/fp_loss,42f1a64e57f7493990a9e94f3310da97,shift-ablation-linear-256,script_run,FINISHED,29999,1788854202747,2026-09-08T07:56:42.747000+00:00,0.5025014281272888
val/fp_macro_mae,42f1a64e57f7493990a9e94f3310da97,shift-ablation-linear-256,script_run,FINISHED,29999,1788854202747,2026-09-08T07:56:42.747000+00:00,0.1356942355632782
val/fp_mae,42f1a64e57f7493990a9e94f3310da97,shift-ablation-linear-256,script_run,FINISHED,29999,1788854202747,2026-09-08T07:56:42.747000+00:00,0.022843247279524803
val/loss,42f1a64e57f7493990a9e94f3310da97,shift-ablation-linear-256,script_run,FINISHED,29999,1788854202747,2026-09-08T07:56:42.747000+00:00,5.368753433227539
val/shift,42f1a64e57f7493990a9e94f3310da97,shift-ablation-linear-256,script_run,FINISHED,29999,1788854202747,2026-09-08T07:56:42.747000+00:00,5.293377876281738
val/shift/c_mae_ppm,42f1a64e57f7493990a9e94f3310da97,shift-ablation-linear-256,script_run,FINISHED,29999,1788854202747,2026-09-08T07:56:42.747000+00:00,21.988101959228516
val/shift/h_mae_ppm,42f1a64e57f7493990a9e94f3310da97,shift-ablation-linear-256,script_run,FINISHED,29999,1788854202747,2026-09-08T07:56:42.747000+00:00,1.190158486366272
val/shift_c,42f1a64e57f7493990a9e94f3310da97,shift-ablation-linear-256,script_run,FINISHED,29999,1788854202747,2026-09-08T07:56:42.747000+00:00,5.537388801574707
val/shift_h,42f1a64e57f7493990a9e94f3310da97,shift-ablation-linear-256,script_run,FINISHED,29999,1788854202747,2026-09-08T07:56:42.747000+00:00,5.049368858337402
