metric,run_count
epoch,4
lr-AdamW,4
memory/gpu_peak_allocated_mb,4
memory/gpu_peak_reserved_mb,4
probe/maccs_macro_auroc,4
train/fp_loss,4
train/loss,4
train/shift,4
train/shift/c,4
train/shift/h,4
val/datasets/nmrgym/fp_loss,4
val/datasets/nmrgym/fp_macro_mae,4
val/datasets/nmrgym/fp_mae,4
val/datasets/nmrgym/loss,4
val/datasets/nmrgym/shift,4
val/datasets/nmrgym/shift/c_mae_ppm,4
val/datasets/nmrgym/shift/h_mae_ppm,4
val/datasets/nmrgym/shift_c,4
val/datasets/nmrgym/shift_h,4
val/datasets/rich/fp_loss,4
val/datasets/rich/fp_macro_mae,4
val/datasets/rich/fp_mae,4
val/datasets/rich/loss,4
val/datasets/rich/shift,4
val/datasets/rich/shift/c_mae_ppm,4
val/datasets/rich/shift/h_mae_ppm,4
val/datasets/rich/shift_c,4
val/datasets/rich/shift_h,4
val/datasets/simnmr/fp_loss,4
val/datasets/simnmr/fp_macro_mae,4
val/datasets/simnmr/fp_mae,4
val/datasets/simnmr/loss,4
val/datasets/simnmr/shift,4
val/datasets/simnmr/shift/c_mae_ppm,4
val/datasets/simnmr/shift/h_mae_ppm,4
val/datasets/simnmr/shift_c,4
val/datasets/simnmr/shift_h,4
val/fp_loss,4
val/fp_macro_mae,4
val/fp_mae,4
val/loss,4
val/shift,4
val/shift/c_mae_ppm,4
val/shift/h_mae_ppm,4
val/shift_c,4
val/shift_h,4
