representation,probe,task,metric,mean,std,n_seeds
fomonmr-post-rich,linear,descriptors,r2,0.5081913247704506,,1
fomonmr-post-rich,linear,functional,average_precision,0.576496929823838,,1
fomonmr-post-rich,linear,functional,roc_auc,0.8527701192708455,,1
fomonmr-post-rich,mlp,descriptors,r2,0.5800949186086655,0.00022641296275469286,3
fomonmr-post-rich,mlp,functional,average_precision,0.6315505168796056,0.0008030694498179253,3
fomonmr-post-rich,mlp,functional,roc_auc,0.8827620842117323,0.00023408896586176464,3
fomonmr-post-shifts,linear,descriptors,r2,0.45132914185523987,,1
fomonmr-post-shifts,linear,functional,average_precision,0.517570222823285,,1
fomonmr-post-shifts,linear,functional,roc_auc,0.8223844117378489,,1
fomonmr-post-shifts,mlp,descriptors,r2,0.5073289846380552,0.0001869738758527327,3
fomonmr-post-shifts,mlp,functional,average_precision,0.5656958519345597,0.0009709648911479524,3
fomonmr-post-shifts,mlp,functional,roc_auc,0.8506439747472188,0.0006432811657761496,3
fomonmr-post-unimol-rich,linear,descriptors,r2,0.4906371012330055,,1
fomonmr-post-unimol-rich,linear,functional,average_precision,0.5424539800739858,,1
fomonmr-post-unimol-rich,linear,functional,roc_auc,0.8351101407843646,,1
fomonmr-post-unimol-rich,mlp,descriptors,r2,0.5721419950326284,0.0002004471073215128,3
fomonmr-post-unimol-rich,mlp,functional,average_precision,0.6022609640290629,0.00020289279828282267,3
fomonmr-post-unimol-rich,mlp,functional,roc_auc,0.867470492606026,0.0006698262637550913,3
fomonmr-post-unimol-shifts,linear,descriptors,r2,0.42956553399562836,,1
fomonmr-post-unimol-shifts,linear,functional,average_precision,0.4902597007459631,,1
fomonmr-post-unimol-shifts,linear,functional,roc_auc,0.8074709786420894,,1
fomonmr-post-unimol-shifts,mlp,descriptors,r2,0.48902841409047443,0.00022265629309033366,3
fomonmr-post-unimol-shifts,mlp,functional,average_precision,0.542706545637845,0.0009730786759638133,3
fomonmr-post-unimol-shifts,mlp,functional,roc_auc,0.8374771363243382,0.0006050785905193112,3
fomonmr-pre-shifts,linear,descriptors,r2,0.45963960886001587,,1
fomonmr-pre-shifts,linear,functional,average_precision,0.5236245005251217,,1
fomonmr-pre-shifts,linear,functional,roc_auc,0.8256473931210255,,1
fomonmr-pre-shifts,mlp,descriptors,r2,0.5147989317774773,0.00025336802126374117,3
fomonmr-pre-shifts,mlp,functional,average_precision,0.5695402950203067,0.00010336916400824101,3
fomonmr-pre-shifts,mlp,functional,roc_auc,0.8531836517750134,0.00046057839355511645,3
nmrpeak,linear,descriptors,r2,0.5675589144229889,,1
nmrpeak,linear,functional,average_precision,0.4942348120113247,,1
nmrpeak,linear,functional,roc_auc,0.810678011065892,,1
nmrpeak,mlp,descriptors,r2,0.6266975353161494,0.0005949590011305951,3
nmrpeak,mlp,functional,average_precision,0.5278557893207108,0.0005676441173986496,3
nmrpeak,mlp,functional,roc_auc,0.8293461637128884,0.0007762447458007456,3
nmrsolver,linear,descriptors,r2,0.43134041875600815,,1
nmrsolver,linear,functional,average_precision,0.4907897561587045,,1
nmrsolver,linear,functional,roc_auc,0.8134186686793676,,1
nmrsolver,mlp,descriptors,r2,0.5419019510348638,0.0009021503918319159,3
nmrsolver,mlp,functional,average_precision,0.5779024162492948,0.0019446691178656018,3
nmrsolver,mlp,functional,roc_auc,0.8563069108039247,0.00011879828025933622,3
nmrtrans,linear,descriptors,r2,0.4791630506515503,,1
nmrtrans,linear,functional,average_precision,0.5613628239246787,,1
nmrtrans,linear,functional,roc_auc,0.8549041785789269,,1
nmrtrans,mlp,descriptors,r2,0.6301841288805008,0.0006027598338257396,3
nmrtrans,mlp,functional,average_precision,0.6736018332086235,0.0009612627375241058,3
nmrtrans,mlp,functional,roc_auc,0.8983492327409014,0.000169522447833708,3
ultranmr,linear,descriptors,r2,0.47618745267391205,,1
ultranmr,linear,functional,average_precision,0.541718254382415,,1
ultranmr,linear,functional,roc_auc,0.8330587661273298,,1
ultranmr,mlp,descriptors,r2,0.5474276716510454,0.0007196419273730358,3
ultranmr,mlp,functional,average_precision,0.59043546641694,0.000255826989561065,3
ultranmr,mlp,functional,roc_auc,0.8625415062996206,0.00010865643052896046,3
