representation,probe,task,target,metric,mean,std,n_seeds,support,positives,prevalence
fomonmr-post-rich,linear,descriptors,aromatic_atom_fraction,mae,0.0784530267119407,,1,67791,,
fomonmr-post-rich,linear,descriptors,aromatic_atom_fraction,r2,0.7713889479637146,,1,67791,,
fomonmr-post-rich,linear,descriptors,calculated_logp,mae,0.9848465919494628,,1,67791,,
fomonmr-post-rich,linear,descriptors,calculated_logp,r2,0.4736128449440002,,1,67791,,
fomonmr-post-rich,linear,descriptors,exact_molecular_weight,mae,58.3091049194336,,1,67791,,
fomonmr-post-rich,linear,descriptors,exact_molecular_weight,r2,0.3600487112998962,,1,67791,,
fomonmr-post-rich,linear,descriptors,fraction_csp3,mae,0.0528832338750362,,1,67791,,
fomonmr-post-rich,linear,descriptors,fraction_csp3,r2,0.8685480356216431,,1,67791,,
fomonmr-post-rich,linear,descriptors,hba,mae,0.9441023468971252,,1,67791,,
fomonmr-post-rich,linear,descriptors,hba,r2,0.4667881727218628,,1,67791,,
fomonmr-post-rich,linear,descriptors,hbd,mae,0.4652793109416961,,1,67791,,
fomonmr-post-rich,linear,descriptors,hbd,r2,0.2899311780929565,,1,67791,,
fomonmr-post-rich,linear,descriptors,rotatable_bonds,mae,1.48074209690094,,1,67791,,
fomonmr-post-rich,linear,descriptors,rotatable_bonds,r2,0.422583520412445,,1,67791,,
fomonmr-post-rich,linear,descriptors,tpsa,mae,16.05882453918457,,1,67791,,
fomonmr-post-rich,linear,descriptors,tpsa,r2,0.4126291871070862,,1,67791,,
fomonmr-post-rich,linear,functional,has_alcohol_or_phenol,average_precision,0.3383517351648343,,1,67791,7095.0,0.1046599106076027
fomonmr-post-rich,linear,functional,has_alcohol_or_phenol,roc_auc,0.7754069275149167,,1,67791,7095.0,0.1046599106076027
fomonmr-post-rich,linear,functional,has_aldehyde_or_ketone,average_precision,0.8696114224787411,,1,67791,13475.0,0.1987726984407959
fomonmr-post-rich,linear,functional,has_aldehyde_or_ketone,roc_auc,0.9591997533570128,,1,67791,13475.0,0.1987726984407959
fomonmr-post-rich,linear,functional,has_amide,average_precision,0.6548130572890544,,1,67791,15738.0,0.2321547108023189
fomonmr-post-rich,linear,functional,has_amide,roc_auc,0.8520535166390781,,1,67791,15738.0,0.2321547108023189
fomonmr-post-rich,linear,functional,has_amine,average_precision,0.558237806076069,,1,67791,10988.0,0.1620864126506468
fomonmr-post-rich,linear,functional,has_amine,roc_auc,0.8171089465086869,,1,67791,10988.0,0.1620864126506468
fomonmr-post-rich,linear,functional,has_carboxylic_acid,average_precision,0.1088274288889028,,1,67791,672.0,0.0099128202858786
fomonmr-post-rich,linear,functional,has_carboxylic_acid,roc_auc,0.8759192206769923,,1,67791,672.0,0.0099128202858786
fomonmr-post-rich,linear,functional,has_ester,average_precision,0.8613972152428622,,1,67791,19359.0,0.2855688808248882
fomonmr-post-rich,linear,functional,has_ester,roc_auc,0.916202463616149,,1,67791,19359.0,0.2855688808248882
fomonmr-post-rich,linear,functional,has_halogenated_group,average_precision,0.6610274553643551,,1,67791,25165.0,0.3712144679972268
fomonmr-post-rich,linear,functional,has_halogenated_group,roc_auc,0.7577919625279145,,1,67791,25165.0,0.3712144679972268
fomonmr-post-rich,linear,functional,has_heteroaromatic_ring,average_precision,0.8253489752015626,,1,67791,25761.0,0.3800061955126786
fomonmr-post-rich,linear,functional,has_heteroaromatic_ring,roc_auc,0.8786163538306051,,1,67791,25761.0,0.3800061955126786
fomonmr-post-rich,linear,functional,has_nitrile,average_precision,0.3108572727081606,,1,67791,3713.0,0.0547712823236122
fomonmr-post-rich,linear,functional,has_nitrile,roc_auc,0.8426319287662533,,1,67791,3713.0,0.0547712823236122
fomonmr-post-rich,mlp,descriptors,aromatic_atom_fraction,mae,0.0719477807482083,8.428575273480352e-05,3,67791,,
fomonmr-post-rich,mlp,descriptors,aromatic_atom_fraction,r2,0.8044758240381876,0.00039801766999533403,3,67791,,
fomonmr-post-rich,mlp,descriptors,calculated_logp,mae,0.9018943309783936,0.0015103869804551499,3,67791,,
fomonmr-post-rich,mlp,descriptors,calculated_logp,r2,0.5614517331123352,0.0013601633916028423,3,67791,,
fomonmr-post-rich,mlp,descriptors,exact_molecular_weight,mae,53.369258880615234,0.08125085057603722,3,67791,,
fomonmr-post-rich,mlp,descriptors,exact_molecular_weight,r2,0.46166465679804486,0.002193846432333313,3,67791,,
fomonmr-post-rich,mlp,descriptors,fraction_csp3,mae,0.045563001185655566,7.851561424131226e-05,3,67791,,
fomonmr-post-rich,mlp,descriptors,fraction_csp3,r2,0.8988672693570455,0.0003737820596412166,3,67791,,
fomonmr-post-rich,mlp,descriptors,hba,mae,0.8748014370600382,0.0009642733845217372,3,67791,,
fomonmr-post-rich,mlp,descriptors,hba,r2,0.5367187261581421,0.0009479006172384711,3,67791,,
fomonmr-post-rich,mlp,descriptors,hbd,mae,0.427381694316864,0.0013671454118222026,3,67791,,
fomonmr-post-rich,mlp,descriptors,hbd,r2,0.38006625572840375,0.002547438338234342,3,67791,,
fomonmr-post-rich,mlp,descriptors,rotatable_bonds,mae,1.3569305340449016,0.002752925346555034,3,67791,,
fomonmr-post-rich,mlp,descriptors,rotatable_bonds,r2,0.5159249703089396,0.0007121861207546887,3,67791,,
fomonmr-post-rich,mlp,descriptors,tpsa,mae,14.94897492726644,0.03013968090921193,3,67791,,
fomonmr-post-rich,mlp,descriptors,tpsa,r2,0.4815899133682251,0.0013790788489415836,3,67791,,
fomonmr-post-rich,mlp,functional,has_alcohol_or_phenol,average_precision,0.40832252752676595,0.0017582956256914281,3,67791,7095.0,0.1046599106076027
fomonmr-post-rich,mlp,functional,has_alcohol_or_phenol,roc_auc,0.8171300031063978,0.0016863158808669185,3,67791,7095.0,0.1046599106076027
fomonmr-post-rich,mlp,functional,has_aldehyde_or_ketone,average_precision,0.9095618278139569,0.0006027251961377235,3,67791,13475.0,0.1987726984407959
fomonmr-post-rich,mlp,functional,has_aldehyde_or_ketone,roc_auc,0.9726728929492651,1.7670865109849655e-05,3,67791,13475.0,0.1987726984407959
fomonmr-post-rich,mlp,functional,has_amide,average_precision,0.749119377727134,0.0025365048541955374,3,67791,15738.0,0.2321547108023189
fomonmr-post-rich,mlp,functional,has_amide,roc_auc,0.8976376031005234,0.0004502457363749513,3,67791,15738.0,0.2321547108023189
fomonmr-post-rich,mlp,functional,has_amine,average_precision,0.6425217574027232,0.0008566656767235456,3,67791,10988.0,0.1620864126506468
fomonmr-post-rich,mlp,functional,has_amine,roc_auc,0.8611396260069163,0.000981050374981785,3,67791,10988.0,0.1620864126506468
fomonmr-post-rich,mlp,functional,has_carboxylic_acid,average_precision,0.16163417334628527,0.004953753938439749,3,67791,672.0,0.0099128202858786
fomonmr-post-rich,mlp,functional,has_carboxylic_acid,roc_auc,0.9028817819310264,0.0005521597914067756,3,67791,672.0,0.0099128202858786
fomonmr-post-rich,mlp,functional,has_ester,average_precision,0.9056177834177818,0.00029866559296060926,3,67791,19359.0,0.2855688808248882
fomonmr-post-rich,mlp,functional,has_ester,roc_auc,0.949040580760096,0.0002554251277687764,3,67791,19359.0,0.2855688808248882
fomonmr-post-rich,mlp,functional,has_halogenated_group,average_precision,0.693171297903142,0.0010019266877614571,3,67791,25165.0,0.3712144679972268
fomonmr-post-rich,mlp,functional,has_halogenated_group,roc_auc,0.7787752795142359,0.0011503277856510902,3,67791,25165.0,0.3712144679972268
fomonmr-post-rich,mlp,functional,has_heteroaromatic_ring,average_precision,0.8652854697285318,0.0007820217691401612,3,67791,25761.0,0.3800061955126786
fomonmr-post-rich,mlp,functional,has_heteroaromatic_ring,roc_auc,0.905421941122925,0.00038227606154854916,3,67791,25761.0,0.3800061955126786
fomonmr-post-rich,mlp,functional,has_nitrile,average_precision,0.3487204370501292,0.0016195861952543603,3,67791,3713.0,0.0547712823236122
fomonmr-post-rich,mlp,functional,has_nitrile,roc_auc,0.8601590494142046,0.0015414707786960678,3,67791,3713.0,0.0547712823236122
fomonmr-post-shifts,linear,descriptors,aromatic_atom_fraction,mae,0.0851849466562271,,1,67791,,
fomonmr-post-shifts,linear,descriptors,aromatic_atom_fraction,r2,0.7352714538574219,,1,67791,,
fomonmr-post-shifts,linear,descriptors,calculated_logp,mae,1.0096689462661743,,1,67791,,
fomonmr-post-shifts,linear,descriptors,calculated_logp,r2,0.4316458106040954,,1,67791,,
fomonmr-post-shifts,linear,descriptors,exact_molecular_weight,mae,59.65271759033203,,1,67791,,
fomonmr-post-shifts,linear,descriptors,exact_molecular_weight,r2,0.3183035254478454,,1,67791,,
fomonmr-post-shifts,linear,descriptors,fraction_csp3,mae,0.0572160333395004,,1,67791,,
fomonmr-post-shifts,linear,descriptors,fraction_csp3,r2,0.8445637226104736,,1,67791,,
fomonmr-post-shifts,linear,descriptors,hba,mae,0.9679745435714722,,1,67791,,
fomonmr-post-shifts,linear,descriptors,hba,r2,0.4447721838951111,,1,67791,,
fomonmr-post-shifts,linear,descriptors,hbd,mae,0.5406278967857361,,1,67791,,
fomonmr-post-shifts,linear,descriptors,hbd,r2,0.123231828212738,,1,67791,,
fomonmr-post-shifts,linear,descriptors,rotatable_bonds,mae,1.597872018814087,,1,67791,,
fomonmr-post-shifts,linear,descriptors,rotatable_bonds,r2,0.3368347883224487,,1,67791,,
fomonmr-post-shifts,linear,descriptors,tpsa,mae,16.761669158935547,,1,67791,,
fomonmr-post-shifts,linear,descriptors,tpsa,r2,0.3760098218917846,,1,67791,,
fomonmr-post-shifts,linear,functional,has_alcohol_or_phenol,average_precision,0.2748499257299891,,1,67791,7095.0,0.1046599106076027
fomonmr-post-shifts,linear,functional,has_alcohol_or_phenol,roc_auc,0.7435686534206493,,1,67791,7095.0,0.1046599106076027
fomonmr-post-shifts,linear,functional,has_aldehyde_or_ketone,average_precision,0.8450793091290786,,1,67791,13475.0,0.1987726984407959
fomonmr-post-shifts,linear,functional,has_aldehyde_or_ketone,roc_auc,0.9522104633081666,,1,67791,13475.0,0.1987726984407959
fomonmr-post-shifts,linear,functional,has_amide,average_precision,0.5927263471315531,,1,67791,15738.0,0.2321547108023189
fomonmr-post-shifts,linear,functional,has_amide,roc_auc,0.8253895453004625,,1,67791,15738.0,0.2321547108023189
fomonmr-post-shifts,linear,functional,has_amine,average_precision,0.4342606624501746,,1,67791,10988.0,0.1620864126506468
fomonmr-post-shifts,linear,functional,has_amine,roc_auc,0.7599926698229567,,1,67791,10988.0,0.1620864126506468
fomonmr-post-shifts,linear,functional,has_carboxylic_acid,average_precision,0.0567527888339505,,1,67791,672.0,0.0099128202858786
fomonmr-post-shifts,linear,functional,has_carboxylic_acid,roc_auc,0.8490280056956409,,1,67791,672.0,0.0099128202858786
fomonmr-post-shifts,linear,functional,has_ester,average_precision,0.809993798808057,,1,67791,19359.0,0.2855688808248882
fomonmr-post-shifts,linear,functional,has_ester,roc_auc,0.8928215364114621,,1,67791,19359.0,0.2855688808248882
fomonmr-post-shifts,linear,functional,has_halogenated_group,average_precision,0.5817698315190416,,1,67791,25165.0,0.3712144679972268
fomonmr-post-shifts,linear,functional,has_halogenated_group,roc_auc,0.7022266138778017,,1,67791,25165.0,0.3712144679972268
fomonmr-post-shifts,linear,functional,has_heteroaromatic_ring,average_precision,0.7918451360438934,,1,67791,25761.0,0.3800061955126786
fomonmr-post-shifts,linear,functional,has_heteroaromatic_ring,roc_auc,0.8549944814281075,,1,67791,25761.0,0.3800061955126786
fomonmr-post-shifts,linear,functional,has_nitrile,average_precision,0.2708542057638275,,1,67791,3713.0,0.0547712823236122
fomonmr-post-shifts,linear,functional,has_nitrile,roc_auc,0.8212277363753929,,1,67791,3713.0,0.0547712823236122
fomonmr-post-shifts,mlp,descriptors,aromatic_atom_fraction,mae,0.0791682253281275,5.9072582344311085e-05,3,67791,,
fomonmr-post-shifts,mlp,descriptors,aromatic_atom_fraction,r2,0.7677442828814188,0.000186029775842442,3,67791,,
fomonmr-post-shifts,mlp,descriptors,calculated_logp,mae,0.9477517008781433,0.0016703398021195876,3,67791,,
fomonmr-post-shifts,mlp,descriptors,calculated_logp,r2,0.5005311568578085,0.0009203980496078764,3,67791,,
fomonmr-post-shifts,mlp,descriptors,exact_molecular_weight,mae,56.06459172566732,0.07577580646151179,3,67791,,
fomonmr-post-shifts,mlp,descriptors,exact_molecular_weight,r2,0.3933713436126709,0.000654770761353547,3,67791,,
fomonmr-post-shifts,mlp,descriptors,fraction_csp3,mae,0.049981426447629866,1.5245767272724896e-05,3,67791,,
fomonmr-post-shifts,mlp,descriptors,fraction_csp3,r2,0.8769940932591757,0.00028782383924822017,3,67791,,
fomonmr-post-shifts,mlp,descriptors,hba,mae,0.9137928684552511,0.0007236009407407324,3,67791,,
fomonmr-post-shifts,mlp,descriptors,hba,r2,0.4963209629058838,0.0007132265493212706,3,67791,,
fomonmr-post-shifts,mlp,descriptors,hbd,mae,0.5054150422414144,0.0002669267249963211,3,67791,,
fomonmr-post-shifts,mlp,descriptors,hbd,r2,0.19612501064936316,0.0007799301849188808,3,67791,,
fomonmr-post-shifts,mlp,descriptors,rotatable_bonds,mae,1.5205276409784954,0.0004467623409940859,3,67791,,
fomonmr-post-shifts,mlp,descriptors,rotatable_bonds,r2,0.39820677042007446,0.0008205510198205798,3,67791,,
fomonmr-post-shifts,mlp,descriptors,tpsa,mae,15.85781987508138,0.022012896213762883,3,67791,,
fomonmr-post-shifts,mlp,descriptors,tpsa,r2,0.4293382565180461,0.001399099812000268,3,67791,,
fomonmr-post-shifts,mlp,functional,has_alcohol_or_phenol,average_precision,0.33099616345831867,0.0019068701991980389,3,67791,7095.0,0.1046599106076027
fomonmr-post-shifts,mlp,functional,has_alcohol_or_phenol,roc_auc,0.7797526432015199,0.0009220259224208987,3,67791,7095.0,0.1046599106076027
fomonmr-post-shifts,mlp,functional,has_aldehyde_or_ketone,average_precision,0.8971915445662958,0.001045192188649607,3,67791,13475.0,0.1987726984407959
fomonmr-post-shifts,mlp,functional,has_aldehyde_or_ketone,roc_auc,0.9699705926194833,0.0003127476757763535,3,67791,13475.0,0.1987726984407959
fomonmr-post-shifts,mlp,functional,has_amide,average_precision,0.6844275591884209,0.0019081150232637025,3,67791,15738.0,0.2321547108023189
fomonmr-post-shifts,mlp,functional,has_amide,roc_auc,0.8683064603049241,0.0005488318344459826,3,67791,15738.0,0.2321547108023189
fomonmr-post-shifts,mlp,functional,has_amine,average_precision,0.50608614741002,0.002603211791465118,3,67791,10988.0,0.1620864126506468
fomonmr-post-shifts,mlp,functional,has_amine,roc_auc,0.8001367651154142,0.0016565690698857253,3,67791,10988.0,0.1620864126506468
fomonmr-post-shifts,mlp,functional,has_carboxylic_acid,average_precision,0.0723684581338965,0.0040741260872745105,3,67791,672.0,0.0099128202858786
fomonmr-post-shifts,mlp,functional,has_carboxylic_acid,roc_auc,0.8677811968413364,0.00313359165989269,3,67791,672.0,0.0099128202858786
fomonmr-post-shifts,mlp,functional,has_ester,average_precision,0.863676737861052,0.0001507541669156543,3,67791,19359.0,0.2855688808248882
fomonmr-post-shifts,mlp,functional,has_ester,roc_auc,0.9291598258316246,0.00031932367744091797,3,67791,19359.0,0.2855688808248882
fomonmr-post-shifts,mlp,functional,has_halogenated_group,average_precision,0.60815675535489,0.0013569952909928383,3,67791,25165.0,0.3712144679972268
fomonmr-post-shifts,mlp,functional,has_halogenated_group,roc_auc,0.720385481782481,0.0008256799291504315,3,67791,25165.0,0.3712144679972268
fomonmr-post-shifts,mlp,functional,has_heteroaromatic_ring,average_precision,0.8287009268554332,0.00012667969599644452,3,67791,25761.0,0.3800061955126786
fomonmr-post-shifts,mlp,functional,has_heteroaromatic_ring,roc_auc,0.8801511468263502,4.2540748557002756e-05,3,67791,25761.0,0.3800061955126786
fomonmr-post-shifts,mlp,functional,has_nitrile,average_precision,0.2996583745827101,0.004663037274000375,3,67791,3713.0,0.0547712823236122
fomonmr-post-shifts,mlp,functional,has_nitrile,roc_auc,0.8401516602018343,0.0015501132072600536,3,67791,3713.0,0.0547712823236122
fomonmr-post-unimol-rich,linear,descriptors,aromatic_atom_fraction,mae,0.0814545005559921,,1,67791,,
fomonmr-post-unimol-rich,linear,descriptors,aromatic_atom_fraction,r2,0.7537420392036438,,1,67791,,
fomonmr-post-unimol-rich,linear,descriptors,calculated_logp,mae,0.9699367880821228,,1,67791,,
fomonmr-post-unimol-rich,linear,descriptors,calculated_logp,r2,0.4843229651451111,,1,67791,,
fomonmr-post-unimol-rich,linear,descriptors,exact_molecular_weight,mae,57.84907150268555,,1,67791,,
fomonmr-post-unimol-rich,linear,descriptors,exact_molecular_weight,r2,0.3762776255607605,,1,67791,,
fomonmr-post-unimol-rich,linear,descriptors,fraction_csp3,mae,0.0530244223773479,,1,67791,,
fomonmr-post-unimol-rich,linear,descriptors,fraction_csp3,r2,0.8671440482139587,,1,67791,,
fomonmr-post-unimol-rich,linear,descriptors,hba,mae,0.9780449867248536,,1,67791,,
fomonmr-post-unimol-rich,linear,descriptors,hba,r2,0.4362959265708923,,1,67791,,
fomonmr-post-unimol-rich,linear,descriptors,hbd,mae,0.4961485564708709,,1,67791,,
fomonmr-post-unimol-rich,linear,descriptors,hbd,r2,0.2232752442359924,,1,67791,,
fomonmr-post-unimol-rich,linear,descriptors,rotatable_bonds,mae,1.4857110977172852,,1,67791,,
fomonmr-post-unimol-rich,linear,descriptors,rotatable_bonds,r2,0.4175126552581787,,1,67791,,
fomonmr-post-unimol-rich,linear,descriptors,tpsa,mae,16.763227462768555,,1,67791,,
fomonmr-post-unimol-rich,linear,descriptors,tpsa,r2,0.3665263056755066,,1,67791,,
fomonmr-post-unimol-rich,linear,functional,has_alcohol_or_phenol,average_precision,0.2937405423893116,,1,67791,7095.0,0.1046599106076027
fomonmr-post-unimol-rich,linear,functional,has_alcohol_or_phenol,roc_auc,0.7484544552163659,,1,67791,7095.0,0.1046599106076027
fomonmr-post-unimol-rich,linear,functional,has_aldehyde_or_ketone,average_precision,0.8273227967842643,,1,67791,13475.0,0.1987726984407959
fomonmr-post-unimol-rich,linear,functional,has_aldehyde_or_ketone,roc_auc,0.9459336424887224,,1,67791,13475.0,0.1987726984407959
fomonmr-post-unimol-rich,linear,functional,has_amide,average_precision,0.6206850541708334,,1,67791,15738.0,0.2321547108023189
fomonmr-post-unimol-rich,linear,functional,has_amide,roc_auc,0.8321582935193107,,1,67791,15738.0,0.2321547108023189
fomonmr-post-unimol-rich,linear,functional,has_amine,average_precision,0.5320293317834257,,1,67791,10988.0,0.1620864126506468
fomonmr-post-unimol-rich,linear,functional,has_amine,roc_auc,0.8068180076908397,,1,67791,10988.0,0.1620864126506468
fomonmr-post-unimol-rich,linear,functional,has_carboxylic_acid,average_precision,0.1011644407656494,,1,67791,672.0,0.0099128202858786
fomonmr-post-unimol-rich,linear,functional,has_carboxylic_acid,roc_auc,0.8645208554599897,,1,67791,672.0,0.0099128202858786
fomonmr-post-unimol-rich,linear,functional,has_ester,average_precision,0.8020224935378779,,1,67791,19359.0,0.2855688808248882
fomonmr-post-unimol-rich,linear,functional,has_ester,roc_auc,0.889723253861586,,1,67791,19359.0,0.2855688808248882
fomonmr-post-unimol-rich,linear,functional,has_halogenated_group,average_precision,0.6348127830133408,,1,67791,25165.0,0.3712144679972268
fomonmr-post-unimol-rich,linear,functional,has_halogenated_group,roc_auc,0.741060162315011,,1,67791,25165.0,0.3712144679972268
fomonmr-post-unimol-rich,linear,functional,has_heteroaromatic_ring,average_precision,0.7862058549978693,,1,67791,25761.0,0.3800061955126786
fomonmr-post-unimol-rich,linear,functional,has_heteroaromatic_ring,roc_auc,0.851596830961834,,1,67791,25761.0,0.3800061955126786
fomonmr-post-unimol-rich,linear,functional,has_nitrile,average_precision,0.2841025232232999,,1,67791,3713.0,0.0547712823236122
fomonmr-post-unimol-rich,linear,functional,has_nitrile,roc_auc,0.8357257655456222,,1,67791,3713.0,0.0547712823236122
fomonmr-post-unimol-rich,mlp,descriptors,aromatic_atom_fraction,mae,0.07406755536794657,0.00011552142082038171,3,67791,,
fomonmr-post-unimol-rich,mlp,descriptors,aromatic_atom_fraction,r2,0.793908953666687,0.0008071815749524203,3,67791,,
fomonmr-post-unimol-rich,mlp,descriptors,calculated_logp,mae,0.8850657939910889,0.0020126086137710604,3,67791,,
fomonmr-post-unimol-rich,mlp,descriptors,calculated_logp,r2,0.57685387134552,0.0016374322054749323,3,67791,,
fomonmr-post-unimol-rich,mlp,descriptors,exact_molecular_weight,mae,52.13151295979818,0.03285454196540728,3,67791,,
fomonmr-post-unimol-rich,mlp,descriptors,exact_molecular_weight,r2,0.4898448983828227,0.0008347832301536885,3,67791,,
fomonmr-post-unimol-rich,mlp,descriptors,fraction_csp3,mae,0.04614903156956033,4.5760163995969476e-05,3,67791,,
fomonmr-post-unimol-rich,mlp,descriptors,fraction_csp3,r2,0.89730304479599,0.00017314028990937422,3,67791,,
fomonmr-post-unimol-rich,mlp,descriptors,hba,mae,0.8966176907221476,0.0010583488245241826,3,67791,,
fomonmr-post-unimol-rich,mlp,descriptors,hba,r2,0.5190761288007101,0.000146601696166904,3,67791,,
fomonmr-post-unimol-rich,mlp,descriptors,hbd,mae,0.4493269821008046,0.0007899402202235468,3,67791,,
fomonmr-post-unimol-rich,mlp,descriptors,hbd,r2,0.3255225817362467,0.0014290255020116005,3,67791,,
fomonmr-post-unimol-rich,mlp,descriptors,rotatable_bonds,mae,1.3539372682571411,0.002005270265108201,3,67791,,
fomonmr-post-unimol-rich,mlp,descriptors,rotatable_bonds,r2,0.5207845171292623,0.0010136364301606398,3,67791,,
fomonmr-post-unimol-rich,mlp,descriptors,tpsa,mae,15.396368662516275,0.018563623259228612,3,67791,,
fomonmr-post-unimol-rich,mlp,descriptors,tpsa,r2,0.45384196440378816,0.0008962845573747792,3,67791,,
fomonmr-post-unimol-rich,mlp,functional,has_alcohol_or_phenol,average_precision,0.35105965230796854,0.005311359718858339,3,67791,7095.0,0.1046599106076027
fomonmr-post-unimol-rich,mlp,functional,has_alcohol_or_phenol,roc_auc,0.7895816732000718,0.002683538850942537,3,67791,7095.0,0.1046599106076027
fomonmr-post-unimol-rich,mlp,functional,has_aldehyde_or_ketone,average_precision,0.8859004679535776,0.0011967019772578162,3,67791,13475.0,0.1987726984407959
fomonmr-post-unimol-rich,mlp,functional,has_aldehyde_or_ketone,roc_auc,0.9650795042893136,0.0005242341994620424,3,67791,13475.0,0.1987726984407959
fomonmr-post-unimol-rich,mlp,functional,has_amide,average_precision,0.7180429985497406,0.0010259832689430083,3,67791,15738.0,0.2321547108023189
fomonmr-post-unimol-rich,mlp,functional,has_amide,roc_auc,0.8808253013096955,0.0005898328855899436,3,67791,15738.0,0.2321547108023189
fomonmr-post-unimol-rich,mlp,functional,has_amine,average_precision,0.610598534997001,0.0005941550155776548,3,67791,10988.0,0.1620864126506468
fomonmr-post-unimol-rich,mlp,functional,has_amine,roc_auc,0.8458504800020484,0.0008291273114399246,3,67791,10988.0,0.1620864126506468
fomonmr-post-unimol-rich,mlp,functional,has_carboxylic_acid,average_precision,0.1523649361678587,0.005049162846546402,3,67791,672.0,0.0099128202858786
fomonmr-post-unimol-rich,mlp,functional,has_carboxylic_acid,roc_auc,0.8946563452392186,0.002730315453392439,3,67791,672.0,0.0099128202858786
fomonmr-post-unimol-rich,mlp,functional,has_ester,average_precision,0.8669949353752905,0.0015865473780036737,3,67791,19359.0,0.2855688808248882
fomonmr-post-unimol-rich,mlp,functional,has_ester,roc_auc,0.9284450551288156,0.0007857431357384165,3,67791,19359.0,0.2855688808248882
fomonmr-post-unimol-rich,mlp,functional,has_halogenated_group,average_precision,0.667218970290241,0.0003690822461677604,3,67791,25165.0,0.3712144679972268
fomonmr-post-unimol-rich,mlp,functional,has_halogenated_group,roc_auc,0.7627098970346285,0.0005780554451917648,3,67791,25165.0,0.3712144679972268
fomonmr-post-unimol-rich,mlp,functional,has_heteroaromatic_ring,average_precision,0.8443169568340957,0.00047927801820003087,3,67791,25761.0,0.3800061955126786
fomonmr-post-unimol-rich,mlp,functional,has_heteroaromatic_ring,roc_auc,0.8894290948720411,0.0006656541023543337,3,67791,25761.0,0.3800061955126786
fomonmr-post-unimol-rich,mlp,functional,has_nitrile,average_precision,0.3238512237857923,0.001899920723425007,3,67791,3713.0,0.0547712823236122
fomonmr-post-unimol-rich,mlp,functional,has_nitrile,roc_auc,0.8506570823784005,0.0016873229842120983,3,67791,3713.0,0.0547712823236122
fomonmr-post-unimol-shifts,linear,descriptors,aromatic_atom_fraction,mae,0.0878994613885879,,1,67791,,
fomonmr-post-unimol-shifts,linear,descriptors,aromatic_atom_fraction,r2,0.717474102973938,,1,67791,,
fomonmr-post-unimol-shifts,linear,descriptors,calculated_logp,mae,1.0140650272369385,,1,67791,,
fomonmr-post-unimol-shifts,linear,descriptors,calculated_logp,r2,0.4273635745048523,,1,67791,,
fomonmr-post-unimol-shifts,linear,descriptors,exact_molecular_weight,mae,60.431522369384766,,1,67791,,
fomonmr-post-unimol-shifts,linear,descriptors,exact_molecular_weight,r2,0.3050453662872314,,1,67791,,
fomonmr-post-unimol-shifts,linear,descriptors,fraction_csp3,mae,0.0577355772256851,,1,67791,,
fomonmr-post-unimol-shifts,linear,descriptors,fraction_csp3,r2,0.8421987295150757,,1,67791,,
fomonmr-post-unimol-shifts,linear,descriptors,hba,mae,1.0008580684661863,,1,67791,,
fomonmr-post-unimol-shifts,linear,descriptors,hba,r2,0.4110390543937683,,1,67791,,
fomonmr-post-unimol-shifts,linear,descriptors,hbd,mae,0.5585678815841675,,1,67791,,
fomonmr-post-unimol-shifts,linear,descriptors,hbd,r2,0.0837236046791076,,1,67791,,
fomonmr-post-unimol-shifts,linear,descriptors,rotatable_bonds,mae,1.6284669637680054,,1,67791,,
fomonmr-post-unimol-shifts,linear,descriptors,rotatable_bonds,r2,0.3109303712844848,,1,67791,,
fomonmr-post-unimol-shifts,linear,descriptors,tpsa,mae,17.310325622558594,,1,67791,,
fomonmr-post-unimol-shifts,linear,descriptors,tpsa,r2,0.3387494683265686,,1,67791,,
fomonmr-post-unimol-shifts,linear,functional,has_alcohol_or_phenol,average_precision,0.2447227498493837,,1,67791,7095.0,0.1046599106076027
fomonmr-post-unimol-shifts,linear,functional,has_alcohol_or_phenol,roc_auc,0.7177748093921643,,1,67791,7095.0,0.1046599106076027
fomonmr-post-unimol-shifts,linear,functional,has_aldehyde_or_ketone,average_precision,0.7909520551697864,,1,67791,13475.0,0.1987726984407959
fomonmr-post-unimol-shifts,linear,functional,has_aldehyde_or_ketone,roc_auc,0.9302567241706984,,1,67791,13475.0,0.1987726984407959
fomonmr-post-unimol-shifts,linear,functional,has_amide,average_precision,0.5675886875502644,,1,67791,15738.0,0.2321547108023189
fomonmr-post-unimol-shifts,linear,functional,has_amide,roc_auc,0.8091843687857595,,1,67791,15738.0,0.2321547108023189
fomonmr-post-unimol-shifts,linear,functional,has_amine,average_precision,0.4016635601935788,,1,67791,10988.0,0.1620864126506468
fomonmr-post-unimol-shifts,linear,functional,has_amine,roc_auc,0.7447018580896668,,1,67791,10988.0,0.1620864126506468
fomonmr-post-unimol-shifts,linear,functional,has_carboxylic_acid,average_precision,0.0598492015915015,,1,67791,672.0,0.0099128202858786
fomonmr-post-unimol-shifts,linear,functional,has_carboxylic_acid,roc_auc,0.839061909142894,,1,67791,672.0,0.0099128202858786
fomonmr-post-unimol-shifts,linear,functional,has_ester,average_precision,0.7543334702311404,,1,67791,19359.0,0.2855688808248882
fomonmr-post-unimol-shifts,linear,functional,has_ester,roc_auc,0.866296459842375,,1,67791,19359.0,0.2855688808248882
fomonmr-post-unimol-shifts,linear,functional,has_halogenated_group,average_precision,0.5729159257577106,,1,67791,25165.0,0.3712144679972268
fomonmr-post-unimol-shifts,linear,functional,has_halogenated_group,roc_auc,0.695568208208035,,1,67791,25165.0,0.3712144679972268
fomonmr-post-unimol-shifts,linear,functional,has_heteroaromatic_ring,average_precision,0.7709260748112592,,1,67791,25761.0,0.3800061955126786
fomonmr-post-unimol-shifts,linear,functional,has_heteroaromatic_ring,roc_auc,0.8412707647910431,,1,67791,25761.0,0.3800061955126786
fomonmr-post-unimol-shifts,linear,functional,has_nitrile,average_precision,0.2493855815590428,,1,67791,3713.0,0.0547712823236122
fomonmr-post-unimol-shifts,linear,functional,has_nitrile,roc_auc,0.8231237053561682,,1,67791,3713.0,0.0547712823236122
fomonmr-post-unimol-shifts,mlp,descriptors,aromatic_atom_fraction,mae,0.08090445647637044,0.00012334044568334976,3,67791,,
fomonmr-post-unimol-shifts,mlp,descriptors,aromatic_atom_fraction,r2,0.7573664387067159,0.000818195642997602,3,67791,,
fomonmr-post-unimol-shifts,mlp,descriptors,calculated_logp,mae,0.9571541746457418,0.0007192485775589665,3,67791,,
fomonmr-post-unimol-shifts,mlp,descriptors,calculated_logp,r2,0.4921809236208598,0.0011489527773193432,3,67791,,
fomonmr-post-unimol-shifts,mlp,descriptors,exact_molecular_weight,mae,56.623128255208336,0.00849957895914341,3,67791,,
fomonmr-post-unimol-shifts,mlp,descriptors,exact_molecular_weight,r2,0.384126881758372,0.0009377503809315466,3,67791,,
fomonmr-post-unimol-shifts,mlp,descriptors,fraction_csp3,mae,0.050361172606547634,0.000160931026380561,3,67791,,
fomonmr-post-unimol-shifts,mlp,descriptors,fraction_csp3,r2,0.8757538795471191,0.000640490121620014,3,67791,,
fomonmr-post-unimol-shifts,mlp,descriptors,hba,mae,0.9435411294301351,0.0012565139825064875,3,67791,,
fomonmr-post-unimol-shifts,mlp,descriptors,hba,r2,0.4691375494003296,0.0013531674521125667,3,67791,,
fomonmr-post-unimol-shifts,mlp,descriptors,hbd,mae,0.518922766049703,0.00041783671114920554,3,67791,,
fomonmr-post-unimol-shifts,mlp,descriptors,hbd,r2,0.16155270735422766,0.0011655119647811575,3,67791,,
fomonmr-post-unimol-shifts,mlp,descriptors,rotatable_bonds,mae,1.5466914971669514,0.0015228761166160454,3,67791,,
fomonmr-post-unimol-shifts,mlp,descriptors,rotatable_bonds,r2,0.3755774299303691,0.0013128604034125795,3,67791,,
fomonmr-post-unimol-shifts,mlp,descriptors,tpsa,mae,16.38489532470703,0.014484392331398404,3,67791,,
fomonmr-post-unimol-shifts,mlp,descriptors,tpsa,r2,0.3965315024058024,0.0008583949757720869,3,67791,,
fomonmr-post-unimol-shifts,mlp,functional,has_alcohol_or_phenol,average_precision,0.2918340340309862,0.0017670060921360445,3,67791,7095.0,0.1046599106076027
fomonmr-post-unimol-shifts,mlp,functional,has_alcohol_or_phenol,roc_auc,0.7545713088133797,0.0015349009378445822,3,67791,7095.0,0.1046599106076027
fomonmr-post-unimol-shifts,mlp,functional,has_aldehyde_or_ketone,average_precision,0.8736401891849713,0.0011910676431584567,3,67791,13475.0,0.1987726984407959
fomonmr-post-unimol-shifts,mlp,functional,has_aldehyde_or_ketone,roc_auc,0.9598760167658571,0.0002553005679047497,3,67791,13475.0,0.1987726984407959
fomonmr-post-unimol-shifts,mlp,functional,has_amide,average_precision,0.6601865307057525,0.0015978141366146002,3,67791,15738.0,0.2321547108023189
fomonmr-post-unimol-shifts,mlp,functional,has_amide,roc_auc,0.8541212818408472,0.00023479956779515944,3,67791,15738.0,0.2321547108023189
fomonmr-post-unimol-shifts,mlp,functional,has_amine,average_precision,0.4752448036720369,0.0006599198911542948,3,67791,10988.0,0.1620864126506468
fomonmr-post-unimol-shifts,mlp,functional,has_amine,roc_auc,0.7861139484214387,0.0005098398792817908,3,67791,10988.0,0.1620864126506468
fomonmr-post-unimol-shifts,mlp,functional,has_carboxylic_acid,average_precision,0.0767450140968708,0.0020794786910325797,3,67791,672.0,0.0099128202858786
fomonmr-post-unimol-shifts,mlp,functional,has_carboxylic_acid,roc_auc,0.8607163195338674,0.0022247770591267606,3,67791,672.0,0.0099128202858786
fomonmr-post-unimol-shifts,mlp,functional,has_ester,average_precision,0.8234268262815428,0.0004885932716128563,3,67791,19359.0,0.2855688808248882
fomonmr-post-unimol-shifts,mlp,functional,has_ester,roc_auc,0.9078716333889326,0.0005050906735172524,3,67791,19359.0,0.2855688808248882
fomonmr-post-unimol-shifts,mlp,functional,has_halogenated_group,average_precision,0.5915569914253712,0.0009657969515688189,3,67791,25165.0,0.3712144679972268
fomonmr-post-unimol-shifts,mlp,functional,has_halogenated_group,roc_auc,0.7070015897547294,0.0006938542877552521,3,67791,25165.0,0.3712144679972268
fomonmr-post-unimol-shifts,mlp,functional,has_heteroaromatic_ring,average_precision,0.819189629023751,0.0005531726560985229,3,67791,25761.0,0.3800061955126786
fomonmr-post-unimol-shifts,mlp,functional,has_heteroaromatic_ring,roc_auc,0.8719673086222475,0.00023918914429268143,3,67791,25761.0,0.3800061955126786
fomonmr-post-unimol-shifts,mlp,functional,has_nitrile,average_precision,0.27253489231932165,0.0020059374896504722,3,67791,3713.0,0.0547712823236122
fomonmr-post-unimol-shifts,mlp,functional,has_nitrile,roc_auc,0.8350548197777442,0.0011267962326838169,3,67791,3713.0,0.0547712823236122
fomonmr-pre-shifts,linear,descriptors,aromatic_atom_fraction,mae,0.0847157761454582,,1,67791,,
fomonmr-pre-shifts,linear,descriptors,aromatic_atom_fraction,r2,0.7380815744400024,,1,67791,,
fomonmr-pre-shifts,linear,descriptors,calculated_logp,mae,1.0007909536361694,,1,67791,,
fomonmr-pre-shifts,linear,descriptors,calculated_logp,r2,0.4434516429901123,,1,67791,,
fomonmr-pre-shifts,linear,descriptors,exact_molecular_weight,mae,59.72444534301758,,1,67791,,
fomonmr-pre-shifts,linear,descriptors,exact_molecular_weight,r2,0.3213192820549011,,1,67791,,
fomonmr-pre-shifts,linear,descriptors,fraction_csp3,mae,0.0531752035021781,,1,67791,,
fomonmr-pre-shifts,linear,descriptors,fraction_csp3,r2,0.8647255897521973,,1,67791,,
fomonmr-pre-shifts,linear,descriptors,hba,mae,0.969041109085083,,1,67791,,
fomonmr-pre-shifts,linear,descriptors,hba,r2,0.4446493983268738,,1,67791,,
fomonmr-pre-shifts,linear,descriptors,hbd,mae,0.532217800617218,,1,67791,,
fomonmr-pre-shifts,linear,descriptors,hbd,r2,0.1370419263839721,,1,67791,,
fomonmr-pre-shifts,linear,descriptors,rotatable_bonds,mae,1.588942527770996,,1,67791,,
fomonmr-pre-shifts,linear,descriptors,rotatable_bonds,r2,0.3457913398742676,,1,67791,,
fomonmr-pre-shifts,linear,descriptors,tpsa,mae,16.65300750732422,,1,67791,,
fomonmr-pre-shifts,linear,descriptors,tpsa,r2,0.3820561170578003,,1,67791,,
fomonmr-pre-shifts,linear,functional,has_alcohol_or_phenol,average_precision,0.2785493199249648,,1,67791,7095.0,0.1046599106076027
fomonmr-pre-shifts,linear,functional,has_alcohol_or_phenol,roc_auc,0.7406979658465906,,1,67791,7095.0,0.1046599106076027
fomonmr-pre-shifts,linear,functional,has_aldehyde_or_ketone,average_precision,0.8300045345214662,,1,67791,13475.0,0.1987726984407959
fomonmr-pre-shifts,linear,functional,has_aldehyde_or_ketone,roc_auc,0.94799441282314,,1,67791,13475.0,0.1987726984407959
fomonmr-pre-shifts,linear,functional,has_amide,average_precision,0.604509568455492,,1,67791,15738.0,0.2321547108023189
fomonmr-pre-shifts,linear,functional,has_amide,roc_auc,0.8306432658374137,,1,67791,15738.0,0.2321547108023189
fomonmr-pre-shifts,linear,functional,has_amine,average_precision,0.4526135041577988,,1,67791,10988.0,0.1620864126506468
fomonmr-pre-shifts,linear,functional,has_amine,roc_auc,0.7659943101558294,,1,67791,10988.0,0.1620864126506468
fomonmr-pre-shifts,linear,functional,has_carboxylic_acid,average_precision,0.0643096054565473,,1,67791,672.0,0.0099128202858786
fomonmr-pre-shifts,linear,functional,has_carboxylic_acid,roc_auc,0.8478135892611488,,1,67791,672.0,0.0099128202858786
fomonmr-pre-shifts,linear,functional,has_ester,average_precision,0.8073479511832833,,1,67791,19359.0,0.2855688808248882
fomonmr-pre-shifts,linear,functional,has_ester,roc_auc,0.8938208451877043,,1,67791,19359.0,0.2855688808248882
fomonmr-pre-shifts,linear,functional,has_halogenated_group,average_precision,0.605153506633055,,1,67791,25165.0,0.3712144679972268
fomonmr-pre-shifts,linear,functional,has_halogenated_group,roc_auc,0.7179439347843295,,1,67791,25165.0,0.3712144679972268
fomonmr-pre-shifts,linear,functional,has_heteroaromatic_ring,average_precision,0.7983784527029978,,1,67791,25761.0,0.3800061955126786
fomonmr-pre-shifts,linear,functional,has_heteroaromatic_ring,roc_auc,0.8588717714936722,,1,67791,25761.0,0.3800061955126786
fomonmr-pre-shifts,linear,functional,has_nitrile,average_precision,0.2717540616904903,,1,67791,3713.0,0.0547712823236122
fomonmr-pre-shifts,linear,functional,has_nitrile,roc_auc,0.827046442699401,,1,67791,3713.0,0.0547712823236122
fomonmr-pre-shifts,mlp,descriptors,aromatic_atom_fraction,mae,0.07856649160385126,8.017105949074324e-05,3,67791,,
fomonmr-pre-shifts,mlp,descriptors,aromatic_atom_fraction,r2,0.7708590626716614,0.0003137769721491515,3,67791,,
fomonmr-pre-shifts,mlp,descriptors,calculated_logp,mae,0.9415722489356995,0.00032073076584736786,3,67791,,
fomonmr-pre-shifts,mlp,descriptors,calculated_logp,r2,0.5074705282847086,0.0003810496286395562,3,67791,,
fomonmr-pre-shifts,mlp,descriptors,exact_molecular_weight,mae,56.03674062093099,0.023681275108472667,3,67791,,
fomonmr-pre-shifts,mlp,descriptors,exact_molecular_weight,r2,0.3947163025538127,0.001035186518522282,3,67791,,
fomonmr-pre-shifts,mlp,descriptors,fraction_csp3,mae,0.04789171616236363,5.04666662506231e-05,3,67791,,
fomonmr-pre-shifts,mlp,descriptors,fraction_csp3,r2,0.8869520823160807,0.0002467079833094905,3,67791,,
fomonmr-pre-shifts,mlp,descriptors,hba,mae,0.9115789930025736,0.001265481442531733,3,67791,,
fomonmr-pre-shifts,mlp,descriptors,hba,r2,0.4991998275121053,0.0008666771153249919,3,67791,,
fomonmr-pre-shifts,mlp,descriptors,hbd,mae,0.4951256414254506,0.0004965085132224771,3,67791,,
fomonmr-pre-shifts,mlp,descriptors,hbd,r2,0.2160805662473043,0.0007445143177837712,3,67791,,
fomonmr-pre-shifts,mlp,descriptors,rotatable_bonds,mae,1.5043659607569377,0.0006204777026178964,3,67791,,
fomonmr-pre-shifts,mlp,descriptors,rotatable_bonds,r2,0.4085400700569153,0.0006379942882905386,3,67791,,
fomonmr-pre-shifts,mlp,descriptors,tpsa,mae,15.781835873921713,0.01909730581059182,3,67791,,
fomonmr-pre-shifts,mlp,descriptors,tpsa,r2,0.4345730145772298,0.0008349907239539757,3,67791,,
fomonmr-pre-shifts,mlp,functional,has_alcohol_or_phenol,average_precision,0.3346641556245078,0.00195145189796685,3,67791,7095.0,0.1046599106076027
fomonmr-pre-shifts,mlp,functional,has_alcohol_or_phenol,roc_auc,0.7812423158606272,0.0004814811829153274,3,67791,7095.0,0.1046599106076027
fomonmr-pre-shifts,mlp,functional,has_aldehyde_or_ketone,average_precision,0.8829645458327353,0.0010048144303956563,3,67791,13475.0,0.1987726984407959
fomonmr-pre-shifts,mlp,functional,has_aldehyde_or_ketone,roc_auc,0.9654695942473288,0.0005102397758580372,3,67791,13475.0,0.1987726984407959
fomonmr-pre-shifts,mlp,functional,has_amide,average_precision,0.6924369943972731,0.001138565972315517,3,67791,15738.0,0.2321547108023189
fomonmr-pre-shifts,mlp,functional,has_amide,roc_auc,0.8724480233488263,0.0010260561134387692,3,67791,15738.0,0.2321547108023189
fomonmr-pre-shifts,mlp,functional,has_amine,average_precision,0.5166872312356882,0.00036601705534904355,3,67791,10988.0,0.1620864126506468
fomonmr-pre-shifts,mlp,functional,has_amine,roc_auc,0.8068123835209092,0.00048197068557443367,3,67791,10988.0,0.1620864126506468
fomonmr-pre-shifts,mlp,functional,has_carboxylic_acid,average_precision,0.0761898598983352,0.0021737171110579327,3,67791,672.0,0.0099128202858786
fomonmr-pre-shifts,mlp,functional,has_carboxylic_acid,roc_auc,0.8665526685663961,0.0009280008050552652,3,67791,672.0,0.0099128202858786
fomonmr-pre-shifts,mlp,functional,has_ester,average_precision,0.863740449899841,0.00022177867172647393,3,67791,19359.0,0.2855688808248882
fomonmr-pre-shifts,mlp,functional,has_ester,roc_auc,0.9288321360460596,0.0001732726022530044,3,67791,19359.0,0.2855688808248882
fomonmr-pre-shifts,mlp,functional,has_halogenated_group,average_precision,0.6238707829997608,0.0009191713727373495,3,67791,25165.0,0.3712144679972268
fomonmr-pre-shifts,mlp,functional,has_halogenated_group,roc_auc,0.7291550157052104,0.00035784486074464116,3,67791,25165.0,0.3712144679972268
fomonmr-pre-shifts,mlp,functional,has_heteroaromatic_ring,average_precision,0.8354052677003105,0.0006883654595256237,3,67791,25761.0,0.3800061955126786
fomonmr-pre-shifts,mlp,functional,has_heteroaromatic_ring,roc_auc,0.8838932124929118,0.0006900876868773617,3,67791,25761.0,0.3800061955126786
fomonmr-pre-shifts,mlp,functional,has_nitrile,average_precision,0.299903367594308,0.0026884538372436216,3,67791,3713.0,0.0547712823236122
fomonmr-pre-shifts,mlp,functional,has_nitrile,roc_auc,0.8442475161868508,0.0018398079644133323,3,67791,3713.0,0.0547712823236122
nmrpeak,linear,descriptors,aromatic_atom_fraction,mae,0.0812967121601104,,1,67791,,
nmrpeak,linear,descriptors,aromatic_atom_fraction,r2,0.7558413147926331,,1,67791,,
nmrpeak,linear,descriptors,calculated_logp,mae,0.7747378945350647,,1,67791,,
nmrpeak,linear,descriptors,calculated_logp,r2,0.6641926765441895,,1,67791,,
nmrpeak,linear,descriptors,exact_molecular_weight,mae,43.881439208984375,,1,67791,,
nmrpeak,linear,descriptors,exact_molecular_weight,r2,0.6149246096611023,,1,67791,,
nmrpeak,linear,descriptors,fraction_csp3,mae,0.0485497526824474,,1,67791,,
nmrpeak,linear,descriptors,fraction_csp3,r2,0.8850749135017395,,1,67791,,
nmrpeak,linear,descriptors,hba,mae,0.9275938868522644,,1,67791,,
nmrpeak,linear,descriptors,hba,r2,0.499830424785614,,1,67791,,
nmrpeak,linear,descriptors,hbd,mae,0.5274523496627808,,1,67791,,
nmrpeak,linear,descriptors,hbd,r2,0.1549208164215088,,1,67791,,
nmrpeak,linear,descriptors,rotatable_bonds,mae,1.304869294166565,,1,67791,,
nmrpeak,linear,descriptors,rotatable_bonds,r2,0.5598005056381226,,1,67791,,
nmrpeak,linear,descriptors,tpsa,mae,16.353492736816406,,1,67791,,
nmrpeak,linear,descriptors,tpsa,r2,0.4058860540390014,,1,67791,,
nmrpeak,linear,functional,has_alcohol_or_phenol,average_precision,0.2174835647638765,,1,67791,7095.0,0.1046599106076027
nmrpeak,linear,functional,has_alcohol_or_phenol,roc_auc,0.710469993924365,,1,67791,7095.0,0.1046599106076027
nmrpeak,linear,functional,has_aldehyde_or_ketone,average_precision,0.8529441426029298,,1,67791,13475.0,0.1987726984407959
nmrpeak,linear,functional,has_aldehyde_or_ketone,roc_auc,0.9497396005044896,,1,67791,13475.0,0.1987726984407959
nmrpeak,linear,functional,has_amide,average_precision,0.5715473323009181,,1,67791,15738.0,0.2321547108023189
nmrpeak,linear,functional,has_amide,roc_auc,0.8217810620194566,,1,67791,15738.0,0.2321547108023189
nmrpeak,linear,functional,has_amine,average_precision,0.4228398634277892,,1,67791,10988.0,0.1620864126506468
nmrpeak,linear,functional,has_amine,roc_auc,0.7555428533838788,,1,67791,10988.0,0.1620864126506468
nmrpeak,linear,functional,has_carboxylic_acid,average_precision,0.0851579249435624,,1,67791,672.0,0.0099128202858786
nmrpeak,linear,functional,has_carboxylic_acid,roc_auc,0.8724421651771304,,1,67791,672.0,0.0099128202858786
nmrpeak,linear,functional,has_ester,average_precision,0.7442510459543838,,1,67791,19359.0,0.2855688808248882
nmrpeak,linear,functional,has_ester,roc_auc,0.8746097371832648,,1,67791,19359.0,0.2855688808248882
nmrpeak,linear,functional,has_halogenated_group,average_precision,0.6176999851316501,,1,67791,25165.0,0.3712144679972268
nmrpeak,linear,functional,has_halogenated_group,roc_auc,0.7170236267966847,,1,67791,25165.0,0.3712144679972268
nmrpeak,linear,functional,has_heteroaromatic_ring,average_precision,0.767838634172458,,1,67791,25761.0,0.3800061955126786
nmrpeak,linear,functional,has_heteroaromatic_ring,roc_auc,0.8413561051693514,,1,67791,25761.0,0.3800061955126786
nmrpeak,linear,functional,has_nitrile,average_precision,0.1683508148043542,,1,67791,3713.0,0.0547712823236122
nmrpeak,linear,functional,has_nitrile,roc_auc,0.7531369554344062,,1,67791,3713.0,0.0547712823236122
nmrpeak,mlp,descriptors,aromatic_atom_fraction,mae,0.07169989993174868,3.738665510896127e-05,3,67791,,
nmrpeak,mlp,descriptors,aromatic_atom_fraction,r2,0.8052907983462015,5.6169790903256336e-05,3,67791,,
nmrpeak,mlp,descriptors,calculated_logp,mae,0.7071969509124756,0.0012032248548786025,3,67791,,
nmrpeak,mlp,descriptors,calculated_logp,r2,0.7257035970687866,0.0008164548511308728,3,67791,,
nmrpeak,mlp,descriptors,exact_molecular_weight,mae,40.34131876627604,0.020719533143804807,3,67791,,
nmrpeak,mlp,descriptors,exact_molecular_weight,r2,0.6755426526069641,0.0004889181103363006,3,67791,,
nmrpeak,mlp,descriptors,fraction_csp3,mae,0.036562748253345434,0.00010080058613620768,3,67791,,
nmrpeak,mlp,descriptors,fraction_csp3,r2,0.931467612584432,0.0004809649452068064,3,67791,,
nmrpeak,mlp,descriptors,hba,mae,0.8685839970906576,0.00019808628115905823,3,67791,,
nmrpeak,mlp,descriptors,hba,r2,0.5550734798113505,0.00026795944300991257,3,67791,,
nmrpeak,mlp,descriptors,hbd,mae,0.49374791979789734,0.0007380727904169506,3,67791,,
nmrpeak,mlp,descriptors,hbd,r2,0.22703411181767777,0.002167810796138057,3,67791,,
nmrpeak,mlp,descriptors,rotatable_bonds,mae,1.1917105913162231,0.0032009403242628837,3,67791,,
nmrpeak,mlp,descriptors,rotatable_bonds,r2,0.6388948957125345,0.0017710964752179694,3,67791,,
nmrpeak,mlp,descriptors,tpsa,mae,15.507106145222982,0.0091476419716364,3,67791,,
nmrpeak,mlp,descriptors,tpsa,r2,0.454573134581248,0.000717068313475283,3,67791,,
nmrpeak,mlp,functional,has_alcohol_or_phenol,average_precision,0.24176719468197916,0.0012992544820823084,3,67791,7095.0,0.1046599106076027
nmrpeak,mlp,functional,has_alcohol_or_phenol,roc_auc,0.7336887686580092,0.0009448863699346048,3,67791,7095.0,0.1046599106076027
nmrpeak,mlp,functional,has_aldehyde_or_ketone,average_precision,0.8885030338495915,0.0007620915995259528,3,67791,13475.0,0.1987726984407959
nmrpeak,mlp,functional,has_aldehyde_or_ketone,roc_auc,0.9653338098958963,0.0001571078206789407,3,67791,13475.0,0.1987726984407959
nmrpeak,mlp,functional,has_amide,average_precision,0.6366197418265359,0.000801110148992804,3,67791,15738.0,0.2321547108023189
nmrpeak,mlp,functional,has_amide,roc_auc,0.8516509980083896,0.0001181785764514575,3,67791,15738.0,0.2321547108023189
nmrpeak,mlp,functional,has_amine,average_precision,0.4873035799613981,0.002305790346952486,3,67791,10988.0,0.1620864126506468
nmrpeak,mlp,functional,has_amine,roc_auc,0.7955967670261045,0.002301886208404859,3,67791,10988.0,0.1620864126506468
nmrpeak,mlp,functional,has_carboxylic_acid,average_precision,0.07827500069750683,0.002640943758723009,3,67791,672.0,0.0099128202858786
nmrpeak,mlp,functional,has_carboxylic_acid,roc_auc,0.866992378586292,0.001357307117174454,3,67791,672.0,0.0099128202858786
nmrpeak,mlp,functional,has_ester,average_precision,0.8133354643836676,0.0010803020177489796,3,67791,19359.0,0.2855688808248882
nmrpeak,mlp,functional,has_ester,roc_auc,0.9103267120216256,0.0004129373540750283,3,67791,19359.0,0.2855688808248882
nmrpeak,mlp,functional,has_halogenated_group,average_precision,0.6413941817778342,0.001458571908764661,3,67791,25165.0,0.3712144679972268
nmrpeak,mlp,functional,has_halogenated_group,roc_auc,0.7383735527690874,0.0015342706480756293,3,67791,25165.0,0.3712144679972268
nmrpeak,mlp,functional,has_heteroaromatic_ring,average_precision,0.8057211934689793,0.0009601976888097549,3,67791,25761.0,0.3800061955126786
nmrpeak,mlp,functional,has_heteroaromatic_ring,roc_auc,0.8666024262530344,0.0002546324567996651,3,67791,25761.0,0.3800061955126786
nmrpeak,mlp,functional,has_nitrile,average_precision,0.1577827132389038,0.002256716811698094,3,67791,3713.0,0.0547712823236122
nmrpeak,mlp,functional,has_nitrile,roc_auc,0.7355500601975574,0.0022541681689050635,3,67791,3713.0,0.0547712823236122
nmrsolver,linear,descriptors,aromatic_atom_fraction,mae,0.0765415802597999,,1,67791,,
nmrsolver,linear,descriptors,aromatic_atom_fraction,r2,0.781588077545166,,1,67791,,
nmrsolver,linear,descriptors,calculated_logp,mae,1.0390502214431765,,1,67791,,
nmrsolver,linear,descriptors,calculated_logp,r2,0.3957486748695373,,1,67791,,
nmrsolver,linear,descriptors,exact_molecular_weight,mae,66.68257141113281,,1,67791,,
nmrsolver,linear,descriptors,exact_molecular_weight,r2,0.1641449928283691,,1,67791,,
nmrsolver,linear,descriptors,fraction_csp3,mae,0.0381853692233562,,1,67791,,
nmrsolver,linear,descriptors,fraction_csp3,r2,0.9265027046203612,,1,67791,,
nmrsolver,linear,descriptors,hba,mae,0.9856231212615968,,1,67791,,
nmrsolver,linear,descriptors,hba,r2,0.4289250373840332,,1,67791,,
nmrsolver,linear,descriptors,hbd,mae,0.5539613366127014,,1,67791,,
nmrsolver,linear,descriptors,hbd,r2,0.1180262565612793,,1,67791,,
nmrsolver,linear,descriptors,rotatable_bonds,mae,1.655342936515808,,1,67791,,
nmrsolver,linear,descriptors,rotatable_bonds,r2,0.2832839488983154,,1,67791,,
nmrsolver,linear,descriptors,tpsa,mae,17.140748977661133,,1,67791,,
nmrsolver,linear,descriptors,tpsa,r2,0.3525036573410034,,1,67791,,
nmrsolver,linear,functional,has_alcohol_or_phenol,average_precision,0.2211774218922913,,1,67791,7095.0,0.1046599106076027
nmrsolver,linear,functional,has_alcohol_or_phenol,roc_auc,0.7157717575025638,,1,67791,7095.0,0.1046599106076027
nmrsolver,linear,functional,has_aldehyde_or_ketone,average_precision,0.8570446605648272,,1,67791,13475.0,0.1987726984407959
nmrsolver,linear,functional,has_aldehyde_or_ketone,roc_auc,0.9685859426887063,,1,67791,13475.0,0.1987726984407959
nmrsolver,linear,functional,has_amide,average_precision,0.5547899308681556,,1,67791,15738.0,0.2321547108023189
nmrsolver,linear,functional,has_amide,roc_auc,0.8074426672666788,,1,67791,15738.0,0.2321547108023189
nmrsolver,linear,functional,has_amine,average_precision,0.4137448300679508,,1,67791,10988.0,0.1620864126506468
nmrsolver,linear,functional,has_amine,roc_auc,0.748573360483756,,1,67791,10988.0,0.1620864126506468
nmrsolver,linear,functional,has_carboxylic_acid,average_precision,0.0846887990888776,,1,67791,672.0,0.0099128202858786
nmrsolver,linear,functional,has_carboxylic_acid,roc_auc,0.8791191608685072,,1,67791,672.0,0.0099128202858786
nmrsolver,linear,functional,has_ester,average_precision,0.745182697655916,,1,67791,19359.0,0.2855688808248882
nmrsolver,linear,functional,has_ester,roc_auc,0.8706303738656105,,1,67791,19359.0,0.2855688808248882
nmrsolver,linear,functional,has_halogenated_group,average_precision,0.5665000015964565,,1,67791,25165.0,0.3712144679972268
nmrsolver,linear,functional,has_halogenated_group,roc_auc,0.691698268647403,,1,67791,25165.0,0.3712144679972268
nmrsolver,linear,functional,has_heteroaromatic_ring,average_precision,0.7564408280959971,,1,67791,25761.0,0.3800061955126786
nmrsolver,linear,functional,has_heteroaromatic_ring,roc_auc,0.8305848450446542,,1,67791,25761.0,0.3800061955126786
nmrsolver,linear,functional,has_nitrile,average_precision,0.2175386355978686,,1,67791,3713.0,0.0547712823236122
nmrsolver,linear,functional,has_nitrile,roc_auc,0.8083616417464283,,1,67791,3713.0,0.0547712823236122
nmrsolver,mlp,descriptors,aromatic_atom_fraction,mae,0.06800724317630126,0.00011297146852128384,3,67791,,
nmrsolver,mlp,descriptors,aromatic_atom_fraction,r2,0.8202028671900431,0.0006691275145542072,3,67791,,
nmrsolver,mlp,descriptors,calculated_logp,mae,0.9120381673177084,0.0011010418026260829,3,67791,,
nmrsolver,mlp,descriptors,calculated_logp,r2,0.5273868044217428,0.0008600810756277095,3,67791,,
nmrsolver,mlp,descriptors,exact_molecular_weight,mae,56.975074768066406,0.1202335559635548,3,67791,,
nmrsolver,mlp,descriptors,exact_molecular_weight,r2,0.3738548556963603,0.002004404823333913,3,67791,,
nmrsolver,mlp,descriptors,fraction_csp3,mae,0.029721884056925732,9.524393055034755e-05,3,67791,,
nmrsolver,mlp,descriptors,fraction_csp3,r2,0.950431227684021,0.00030776772186608196,3,67791,,
nmrsolver,mlp,descriptors,hba,mae,0.8827448487281799,0.000433860399640996,3,67791,,
nmrsolver,mlp,descriptors,hba,r2,0.5297799309094747,0.0005370100387181036,3,67791,,
nmrsolver,mlp,descriptors,hbd,mae,0.4941054582595825,0.0016804248830582865,3,67791,,
nmrsolver,mlp,descriptors,hbd,r2,0.24635006984074906,0.0023185245648547096,3,67791,,
nmrsolver,mlp,descriptors,rotatable_bonds,mae,1.465456247329712,0.0034379280466558765,3,67791,,
nmrsolver,mlp,descriptors,rotatable_bonds,r2,0.43663392464319867,0.0029481104154623935,3,67791,,
nmrsolver,mlp,descriptors,tpsa,mae,15.572381337483725,0.005396420058413184,3,67791,,
nmrsolver,mlp,descriptors,tpsa,r2,0.45057592789332074,0.0005865390044271842,3,67791,,
nmrsolver,mlp,functional,has_alcohol_or_phenol,average_precision,0.291353387718188,0.001778449615450138,3,67791,7095.0,0.1046599106076027
nmrsolver,mlp,functional,has_alcohol_or_phenol,roc_auc,0.7688719506144356,0.001284634723028452,3,67791,7095.0,0.1046599106076027
nmrsolver,mlp,functional,has_aldehyde_or_ketone,average_precision,0.9300544894312575,0.0002862121213342166,3,67791,13475.0,0.1987726984407959
nmrsolver,mlp,functional,has_aldehyde_or_ketone,roc_auc,0.9822121565990775,0.00015862987857834826,3,67791,13475.0,0.1987726984407959
nmrsolver,mlp,functional,has_amide,average_precision,0.6972318345549628,0.0014075587500907913,3,67791,15738.0,0.2321547108023189
nmrsolver,mlp,functional,has_amide,roc_auc,0.8743517286864616,0.00104727620187321,3,67791,15738.0,0.2321547108023189
nmrsolver,mlp,functional,has_amine,average_precision,0.5446916883814649,0.0024587978246919644,3,67791,10988.0,0.1620864126506468
nmrsolver,mlp,functional,has_amine,roc_auc,0.8157929302653365,0.0002636792286985924,3,67791,10988.0,0.1620864126506468
nmrsolver,mlp,functional,has_carboxylic_acid,average_precision,0.14544953702751798,0.010596370724551257,3,67791,672.0,0.0099128202858786
nmrsolver,mlp,functional,has_carboxylic_acid,roc_auc,0.8954222645481362,0.001050468090219334,3,67791,672.0,0.0099128202858786
nmrsolver,mlp,functional,has_ester,average_precision,0.8823782309211313,0.0014758251154932307,3,67791,19359.0,0.2855688808248882
nmrsolver,mlp,functional,has_ester,roc_auc,0.9392473495267857,0.0007344473844464998,3,67791,19359.0,0.2855688808248882
nmrsolver,mlp,functional,has_halogenated_group,average_precision,0.6199089553975935,0.0012767825089874329,3,67791,25165.0,0.3712144679972268
nmrsolver,mlp,functional,has_halogenated_group,roc_auc,0.7262415305577598,0.0005037480162860049,3,67791,25165.0,0.3712144679972268
nmrsolver,mlp,functional,has_heteroaromatic_ring,average_precision,0.8281969245155486,0.0011518036018206526,3,67791,25761.0,0.3800061955126786
nmrsolver,mlp,functional,has_heteroaromatic_ring,roc_auc,0.8815797941034186,0.0007332115258300367,3,67791,25761.0,0.3800061955126786
nmrsolver,mlp,functional,has_nitrile,average_precision,0.26185669829598895,0.004174579244431568,3,67791,3713.0,0.0547712823236122
nmrsolver,mlp,functional,has_nitrile,roc_auc,0.8230424923339107,0.0023457526398032585,3,67791,3713.0,0.0547712823236122
nmrtrans,linear,descriptors,aromatic_atom_fraction,mae,0.0721853971481323,,1,67791,,
nmrtrans,linear,descriptors,aromatic_atom_fraction,r2,0.8023083209991455,,1,67791,,
nmrtrans,linear,descriptors,calculated_logp,mae,0.9880681037902832,,1,67791,,
nmrtrans,linear,descriptors,calculated_logp,r2,0.4603754878044128,,1,67791,,
nmrtrans,linear,descriptors,exact_molecular_weight,mae,65.48338317871094,,1,67791,,
nmrtrans,linear,descriptors,exact_molecular_weight,r2,0.2014781832695007,,1,67791,,
nmrtrans,linear,descriptors,fraction_csp3,mae,0.0365857370197773,,1,67791,,
nmrtrans,linear,descriptors,fraction_csp3,r2,0.929958701133728,,1,67791,,
nmrtrans,linear,descriptors,hba,mae,0.974542498588562,,1,67791,,
nmrtrans,linear,descriptors,hba,r2,0.4290199279785156,,1,67791,,
nmrtrans,linear,descriptors,hbd,mae,0.4518378376960754,,1,67791,,
nmrtrans,linear,descriptors,hbd,r2,0.3083505630493164,,1,67791,,
nmrtrans,linear,descriptors,rotatable_bonds,mae,1.5764472484588623,,1,67791,,
nmrtrans,linear,descriptors,rotatable_bonds,r2,0.3413933515548706,,1,67791,,
nmrtrans,linear,descriptors,tpsa,mae,16.687429428100586,,1,67791,,
nmrtrans,linear,descriptors,tpsa,r2,0.3604198694229126,,1,67791,,
nmrtrans,linear,functional,has_alcohol_or_phenol,average_precision,0.3545278281670651,,1,67791,7095.0,0.1046599106076027
nmrtrans,linear,functional,has_alcohol_or_phenol,roc_auc,0.807224187445366,,1,67791,7095.0,0.1046599106076027
nmrtrans,linear,functional,has_aldehyde_or_ketone,average_precision,0.8858925151072897,,1,67791,13475.0,0.1987726984407959
nmrtrans,linear,functional,has_aldehyde_or_ketone,roc_auc,0.974083455286258,,1,67791,13475.0,0.1987726984407959
nmrtrans,linear,functional,has_amide,average_precision,0.602742046526059,,1,67791,15738.0,0.2321547108023189
nmrtrans,linear,functional,has_amide,roc_auc,0.8358781810645468,,1,67791,15738.0,0.2321547108023189
nmrtrans,linear,functional,has_amine,average_precision,0.5103979174918087,,1,67791,10988.0,0.1620864126506468
nmrtrans,linear,functional,has_amine,roc_auc,0.8114241347712572,,1,67791,10988.0,0.1620864126506468
nmrtrans,linear,functional,has_carboxylic_acid,average_precision,0.1213201554153016,,1,67791,672.0,0.0099128202858786
nmrtrans,linear,functional,has_carboxylic_acid,roc_auc,0.9031461156588264,,1,67791,672.0,0.0099128202858786
nmrtrans,linear,functional,has_ester,average_precision,0.8013731918689369,,1,67791,19359.0,0.2855688808248882
nmrtrans,linear,functional,has_ester,roc_auc,0.896926441129137,,1,67791,19359.0,0.2855688808248882
nmrtrans,linear,functional,has_halogenated_group,average_precision,0.672912603765888,,1,67791,25165.0,0.3712144679972268
nmrtrans,linear,functional,has_halogenated_group,roc_auc,0.7544430579318524,,1,67791,25165.0,0.3712144679972268
nmrtrans,linear,functional,has_heteroaromatic_ring,average_precision,0.8311923201538647,,1,67791,25761.0,0.3800061955126786
nmrtrans,linear,functional,has_heteroaromatic_ring,roc_auc,0.8855815583211635,,1,67791,25761.0,0.3800061955126786
nmrtrans,linear,functional,has_nitrile,average_precision,0.2719068368258949,,1,67791,3713.0,0.0547712823236122
nmrtrans,linear,functional,has_nitrile,roc_auc,0.8254304756019349,,1,67791,3713.0,0.0547712823236122
nmrtrans,mlp,descriptors,aromatic_atom_fraction,mae,0.06288086374600722,8.819938159363901e-05,3,67791,,
nmrtrans,mlp,descriptors,aromatic_atom_fraction,r2,0.8453473051389059,0.0004959466507816512,3,67791,,
nmrtrans,mlp,descriptors,calculated_logp,mae,0.8297430872917175,0.0013278629508407212,3,67791,,
nmrtrans,mlp,descriptors,calculated_logp,r2,0.6210431456565857,0.0008727470949513313,3,67791,,
nmrtrans,mlp,descriptors,exact_molecular_weight,mae,50.983025868733726,0.16665293167813164,3,67791,,
nmrtrans,mlp,descriptors,exact_molecular_weight,r2,0.507842501004537,0.0025272180971063324,3,67791,,
nmrtrans,mlp,descriptors,fraction_csp3,mae,0.03037934191524977,9.70177421268126e-05,3,67791,,
nmrtrans,mlp,descriptors,fraction_csp3,r2,0.9502790967623392,0.00012021582081275694,3,67791,,
nmrtrans,mlp,descriptors,hba,mae,0.8415242830912272,0.0019772212865329353,3,67791,,
nmrtrans,mlp,descriptors,hba,r2,0.5713005860646566,0.0007588386439512034,3,67791,,
nmrtrans,mlp,descriptors,hbd,mae,0.39521891872088116,0.0011378521825944937,3,67791,,
nmrtrans,mlp,descriptors,hbd,r2,0.4547659953435262,0.0020512710396180427,3,67791,,
nmrtrans,mlp,descriptors,rotatable_bonds,mae,1.2696025371551514,0.001704059546551635,3,67791,,
nmrtrans,mlp,descriptors,rotatable_bonds,r2,0.5790805419286092,0.0006861811934524198,3,67791,,
nmrtrans,mlp,descriptors,tpsa,mae,14.487913767496744,0.025652389509046445,3,67791,,
nmrtrans,mlp,descriptors,tpsa,r2,0.5118138591448466,0.000832616014168082,3,67791,,
nmrtrans,mlp,functional,has_alcohol_or_phenol,average_precision,0.551110960097331,0.00275366594298264,3,67791,7095.0,0.1046599106076027
nmrtrans,mlp,functional,has_alcohol_or_phenol,roc_auc,0.8735338575383588,0.0004979773543593032,3,67791,7095.0,0.1046599106076027
nmrtrans,mlp,functional,has_aldehyde_or_ketone,average_precision,0.9379790885699705,0.0017839047815071895,3,67791,13475.0,0.1987726984407959
nmrtrans,mlp,functional,has_aldehyde_or_ketone,roc_auc,0.9843598572461943,0.0003485608126289397,3,67791,13475.0,0.1987726984407959
nmrtrans,mlp,functional,has_amide,average_precision,0.7677592683863974,0.0005660544267846574,3,67791,15738.0,0.2321547108023189
nmrtrans,mlp,functional,has_amide,roc_auc,0.9058711322257919,0.00012190301214239541,3,67791,15738.0,0.2321547108023189
nmrtrans,mlp,functional,has_amine,average_precision,0.6655481739581458,0.0017828324653998801,3,67791,10988.0,0.1620864126506468
nmrtrans,mlp,functional,has_amine,roc_auc,0.8729803312582362,0.00010180479027673343,3,67791,10988.0,0.1620864126506468
nmrtrans,mlp,functional,has_carboxylic_acid,average_precision,0.2415989990838421,0.012627596831639913,3,67791,672.0,0.0099128202858786
nmrtrans,mlp,functional,has_carboxylic_acid,roc_auc,0.9159122282397268,0.0017051389080277033,3,67791,672.0,0.0099128202858786
nmrtrans,mlp,functional,has_ester,average_precision,0.9164229875565973,0.0013359580484861168,3,67791,19359.0,0.2855688808248882
nmrtrans,mlp,functional,has_ester,roc_auc,0.9549079500936974,0.0005448282892393156,3,67791,19359.0,0.2855688808248882
nmrtrans,mlp,functional,has_halogenated_group,average_precision,0.7311755925723619,0.0013578415122776385,3,67791,25165.0,0.3712144679972268
nmrtrans,mlp,functional,has_halogenated_group,roc_auc,0.7968246955725394,0.0011461368283964429,3,67791,25165.0,0.3712144679972268
nmrtrans,mlp,functional,has_heteroaromatic_ring,average_precision,0.8928591827800378,0.00047682239678037343,3,67791,25761.0,0.3800061955126786
nmrtrans,mlp,functional,has_heteroaromatic_ring,roc_auc,0.9262994275031003,0.00026882604648272837,3,67791,25761.0,0.3800061955126786
nmrtrans,mlp,functional,has_nitrile,average_precision,0.35796224587292835,0.002087523033734199,3,67791,3713.0,0.0547712823236122
nmrtrans,mlp,functional,has_nitrile,roc_auc,0.8544536149904678,0.0009909841600847307,3,67791,3713.0,0.0547712823236122
ultranmr,linear,descriptors,aromatic_atom_fraction,mae,0.0741265043616294,,1,67791,,
ultranmr,linear,descriptors,aromatic_atom_fraction,r2,0.7932780385017395,,1,67791,,
ultranmr,linear,descriptors,calculated_logp,mae,0.9932055473327636,,1,67791,,
ultranmr,linear,descriptors,calculated_logp,r2,0.4409965872764587,,1,67791,,
ultranmr,linear,descriptors,exact_molecular_weight,mae,61.54298400878906,,1,67791,,
ultranmr,linear,descriptors,exact_molecular_weight,r2,0.2765535712242126,,1,67791,,
ultranmr,linear,descriptors,fraction_csp3,mae,0.0379914790391922,,1,67791,,
ultranmr,linear,descriptors,fraction_csp3,r2,0.9229882955551147,,1,67791,,
ultranmr,linear,descriptors,hba,mae,0.9614805579185486,,1,67791,,
ultranmr,linear,descriptors,hba,r2,0.4500184655189514,,1,67791,,
ultranmr,linear,descriptors,hbd,mae,0.5346176624298096,,1,67791,,
ultranmr,linear,descriptors,hbd,r2,0.1498051881790161,,1,67791,,
ultranmr,linear,descriptors,rotatable_bonds,mae,1.4962080717086792,,1,67791,,
ultranmr,linear,descriptors,rotatable_bonds,r2,0.3961482048034668,,1,67791,,
ultranmr,linear,descriptors,tpsa,mae,16.67294692993164,,1,67791,,
ultranmr,linear,descriptors,tpsa,r2,0.3797112703323364,,1,67791,,
ultranmr,linear,functional,has_alcohol_or_phenol,average_precision,0.2611285485697791,,1,67791,7095.0,0.1046599106076027
ultranmr,linear,functional,has_alcohol_or_phenol,roc_auc,0.7348845209058594,,1,67791,7095.0,0.1046599106076027
ultranmr,linear,functional,has_aldehyde_or_ketone,average_precision,0.9029253230041152,,1,67791,13475.0,0.1987726984407959
ultranmr,linear,functional,has_aldehyde_or_ketone,roc_auc,0.970729914725633,,1,67791,13475.0,0.1987726984407959
ultranmr,linear,functional,has_amide,average_precision,0.5758887535844964,,1,67791,15738.0,0.2321547108023189
ultranmr,linear,functional,has_amide,roc_auc,0.8191272745931943,,1,67791,15738.0,0.2321547108023189
ultranmr,linear,functional,has_amine,average_precision,0.4748449592505203,,1,67791,10988.0,0.1620864126506468
ultranmr,linear,functional,has_amine,roc_auc,0.7790692675631163,,1,67791,10988.0,0.1620864126506468
ultranmr,linear,functional,has_carboxylic_acid,average_precision,0.1306851185547806,,1,67791,672.0,0.0099128202858786
ultranmr,linear,functional,has_carboxylic_acid,roc_auc,0.8831879381432695,,1,67791,672.0,0.0099128202858786
ultranmr,linear,functional,has_ester,average_precision,0.7885198945160217,,1,67791,19359.0,0.2855688808248882
ultranmr,linear,functional,has_ester,roc_auc,0.8857461457818558,,1,67791,19359.0,0.2855688808248882
ultranmr,linear,functional,has_halogenated_group,average_precision,0.6564681264004422,,1,67791,25165.0,0.3712144679972268
ultranmr,linear,functional,has_halogenated_group,roc_auc,0.7454016189624806,,1,67791,25165.0,0.3712144679972268
ultranmr,linear,functional,has_heteroaromatic_ring,average_precision,0.7970682266470963,,1,67791,25761.0,0.3800061955126786
ultranmr,linear,functional,has_heteroaromatic_ring,roc_auc,0.8539361391930099,,1,67791,25761.0,0.3800061955126786
ultranmr,linear,functional,has_nitrile,average_precision,0.2879353389144838,,1,67791,3713.0,0.0547712823236122
ultranmr,linear,functional,has_nitrile,roc_auc,0.8254460752775492,,1,67791,3713.0,0.0547712823236122
ultranmr,mlp,descriptors,aromatic_atom_fraction,mae,0.06800346324841176,0.00022424656647452722,3,67791,,
ultranmr,mlp,descriptors,aromatic_atom_fraction,r2,0.8217161893844604,0.000936722823018141,3,67791,,
ultranmr,mlp,descriptors,calculated_logp,mae,0.914413591225942,0.00029796988685483797,3,67791,,
ultranmr,mlp,descriptors,calculated_logp,r2,0.5311349232991537,0.0006866601432183208,3,67791,,
ultranmr,mlp,descriptors,exact_molecular_weight,mae,55.909959157307945,0.08615528833187122,3,67791,,
ultranmr,mlp,descriptors,exact_molecular_weight,r2,0.39877569675445557,0.0021986633486664455,3,67791,,
ultranmr,mlp,descriptors,fraction_csp3,mae,0.031537521630525533,8.139477701124654e-05,3,67791,,
ultranmr,mlp,descriptors,fraction_csp3,r2,0.9454241593678793,0.0001844331868467561,3,67791,,
ultranmr,mlp,descriptors,hba,mae,0.8894932071367899,0.0005725337870098408,3,67791,,
ultranmr,mlp,descriptors,hba,r2,0.5234540502230326,0.000389985025368891,3,67791,,
ultranmr,mlp,descriptors,hbd,mae,0.4958973427613576,0.0005810757018676624,3,67791,,
ultranmr,mlp,descriptors,hbd,r2,0.22502597173055008,0.002359333126187996,3,67791,,
ultranmr,mlp,descriptors,rotatable_bonds,mae,1.382347822189331,0.0014876428726099888,3,67791,,
ultranmr,mlp,descriptors,rotatable_bonds,r2,0.48764554659525555,0.0007497180935063786,3,67791,,
ultranmr,mlp,descriptors,tpsa,mae,15.591344515482584,0.007270191042771523,3,67791,,
ultranmr,mlp,descriptors,tpsa,r2,0.4462448358535766,0.0004557844108944171,3,67791,,
ultranmr,mlp,functional,has_alcohol_or_phenol,average_precision,0.31261714103506216,0.0020193741013127147,3,67791,7095.0,0.1046599106076027
ultranmr,mlp,functional,has_alcohol_or_phenol,roc_auc,0.770874493956395,0.00044725493066495646,3,67791,7095.0,0.1046599106076027
ultranmr,mlp,functional,has_aldehyde_or_ketone,average_precision,0.9344076028198457,0.0005441675084078301,3,67791,13475.0,0.1987726984407959
ultranmr,mlp,functional,has_aldehyde_or_ketone,roc_auc,0.9813099465629632,9.551261270324592e-05,3,67791,13475.0,0.1987726984407959
ultranmr,mlp,functional,has_amide,average_precision,0.6703952129793341,0.0022091699353485863,3,67791,15738.0,0.2321547108023189
ultranmr,mlp,functional,has_amide,roc_auc,0.8632859025794043,0.00041374992884477246,3,67791,15738.0,0.2321547108023189
ultranmr,mlp,functional,has_amine,average_precision,0.5594278490665594,0.002632705229874462,3,67791,10988.0,0.1620864126506468
ultranmr,mlp,functional,has_amine,roc_auc,0.8238158500603708,0.0005358340043883091,3,67791,10988.0,0.1620864126506468
ultranmr,mlp,functional,has_carboxylic_acid,average_precision,0.14585803294031693,0.0038681011251640507,3,67791,672.0,0.0099128202858786
ultranmr,mlp,functional,has_carboxylic_acid,roc_auc,0.9045950495235068,0.0013395872490540618,3,67791,672.0,0.0099128202858786
ultranmr,mlp,functional,has_ester,average_precision,0.8521557380964642,0.0006938449579425512,3,67791,19359.0,0.2855688808248882
ultranmr,mlp,functional,has_ester,roc_auc,0.9237621414814123,0.00039110538357302023,3,67791,19359.0,0.2855688808248882
ultranmr,mlp,functional,has_halogenated_group,average_precision,0.6748327517111546,0.0013974355543465026,3,67791,25165.0,0.3712144679972268
ultranmr,mlp,functional,has_halogenated_group,roc_auc,0.7622171405317594,0.0012535278890899986,3,67791,25165.0,0.3712144679972268
ultranmr,mlp,functional,has_heteroaromatic_ring,average_precision,0.8410911555181153,0.0005818209373957159,3,67791,25761.0,0.3800061955126786
ultranmr,mlp,functional,has_heteroaromatic_ring,roc_auc,0.885817830699446,0.00014742081551863376,3,67791,25761.0,0.3800061955126786
ultranmr,mlp,functional,has_nitrile,average_precision,0.32313371358560766,0.0013116802670352751,3,67791,3713.0,0.0547712823236122
ultranmr,mlp,functional,has_nitrile,roc_auc,0.8471952013013272,0.0006058242193163094,3,67791,3713.0,0.0547712823236122
