dataset,task,representation,probe,n_train,n_test,n_train_molecules,n_test_molecules,alpha,C,cv_score,accuracy,balanced_accuracy,precision,recall,f1,roc_auc,average_precision
ames,classification,morgan,linear,2292,413,1597,301,,0.0005336699231206312,0.8412226082129391,0.7263922518159807,0.7012224642943597,0.7142857142857143,0.5588235294117647,0.6270627062706271,0.7590898087630115,0.6681346671029272
ames,classification,morgan,mlp,2292,413,1597,301,0.1,,0.8301014097453207,0.738498789346247,0.7247639796659404,0.6962025316455697,0.6470588235294118,0.6707317073170732,0.7590413943355119,0.6810995714937051
ames,classification,nmrpeak,linear,2292,413,1597,301,,0.002848035868435802,0.7417634787787859,0.6561743341404358,0.6203461631566207,0.6228070175438597,0.4176470588235294,0.5,0.6941902687000726,0.6010716741453139
ames,classification,nmrpeak,mlp,2292,413,1597,301,0.0001,,0.734688797534889,0.6295399515738499,0.6003631082062455,0.5648854961832062,0.43529411764705883,0.49169435215946844,0.6601791333817478,0.5489230409734143
ames,classification,nmrsolver,linear,2292,413,1597,301,,0.0005336699231206312,0.7494812521546371,0.639225181598063,0.5847373517308159,0.6438356164383562,0.27647058823529413,0.3868312757201646,0.6707818930041153,0.5595889596140919
ames,classification,nmrsolver,mlp,2292,413,1597,301,0.001,,0.7720531633621145,0.6707021791767555,0.6556644880174292,0.60625,0.5705882352941176,0.5878787878787879,0.7010167029774873,0.6053469159257329
ames,classification,nmrtrans,linear,2292,413,1597,301,,0.0005336699231206312,0.7631084905863621,0.6513317191283293,0.6171145001210361,0.6101694915254238,0.4235294117647059,0.5,0.6794722827402565,0.5721408001982107
ames,classification,nmrtrans,mlp,2292,413,1597,301,0.0001,,0.7724978280303972,0.6803874092009685,0.6674291938997821,0.6158536585365854,0.5941176470588235,0.6047904191616766,0.7174049866860325,0.6120108786878413
ames,classification,ultranmr,linear,2292,413,1597,301,,0.01519911082952933,0.7621071748138614,0.6513317191283293,0.6259501331396756,0.5942028985507246,0.4823529411764706,0.5324675324675324,0.6870491406439119,0.6274612140487734
ames,classification,ultranmr,mlp,2292,413,1597,301,0.1,,0.7720991806341655,0.6731234866828087,0.6444686516581941,0.6356589147286822,0.4823529411764706,0.5484949832775919,0.7002420721374969,0.6304736954451097
ames,classification,unimol2,linear,2292,413,1597,301,,0.01519911082952933,0.8698985523348096,0.7554479418886199,0.7427015250544662,0.7169811320754716,0.6705882352941176,0.6930091185410334,0.8066085693536674,0.7615307047182773
ames,classification,unimol2,mlp,2292,413,1597,301,0.001,,0.8749355097110371,0.7094430992736077,0.6885862987170177,0.6736111111111112,0.5705882352941176,0.6178343949044586,0.7750665698378116,0.6928496813360794
ames,classification,unimol2+ultranmr,linear,2292,413,1597,301,,0.01519911082952933,0.8559364757482433,0.7578692493946732,0.7474098281287824,0.7134146341463414,0.6882352941176471,0.7005988023952096,0.7975066569837811,0.7654903586318793
ames,classification,unimol2+ultranmr,mlp,2292,413,1597,301,0.1,,0.8618195794475703,0.7312348668280871,0.7185911401597675,0.6832298136645962,0.6470588235294118,0.6646525679758308,0.7823408375695957,0.7304965985789741
ames,classification,unimol2+nmrpeak,linear,2292,413,1597,301,,0.01519911082952933,0.8601551082406911,0.7457627118644068,0.7327039457758412,0.7044025157232704,0.6588235294117647,0.6808510638297872,0.7991769547325103,0.7619072248252208
ames,classification,unimol2+nmrpeak,mlp,2292,413,1597,301,0.0001,,0.8531698480900486,0.6755447941888619,0.6482933914306463,0.6363636363636364,0.49411764705882355,0.5562913907284768,0.7425320745582185,0.6584654323683924
ames,classification,unimol2+nmrsolver,linear,2292,413,1597,301,,0.01519911082952933,0.8623623295637761,0.7288135593220338,0.7174170902929073,0.676829268292683,0.6529411764705882,0.6646706586826348,0.8057129024449287,0.7581232809649873
ames,classification,unimol2+nmrsolver,mlp,2292,413,1597,301,0.0001,,0.864084459107152,0.7433414043583535,0.7288792060033891,0.7051282051282052,0.6470588235294118,0.6748466257668712,0.7840958605664489,0.7050995187772431
ames,classification,morgan+nmrpeak,linear,2292,413,1597,301,,0.002848035868435802,0.8439539113312101,0.7070217917675545,0.7006656983781167,0.6384180790960452,0.6647058823529411,0.6512968299711815,0.7452190752844348,0.6688581010400058
ames,classification,morgan+nmrpeak,mlp,2292,413,1597,301,0.1,,0.8243230603573857,0.6973365617433414,0.6986201888162673,0.6153846153846154,0.7058823529411765,0.6575342465753424,0.7483660130718953,0.6942278608619287
ames,classification,morgan+ultranmr,linear,2292,413,1597,301,,0.002848035868435802,0.8481998712979486,0.6707021791767555,0.6680343742435246,0.5904255319148937,0.6529411764705882,0.6201117318435754,0.7272573226821593,0.62468819805341
ames,classification,morgan+ultranmr,mlp,2292,413,1597,301,0.0001,,0.8423249277532522,0.6634382566585957,0.6662793512466716,0.5771144278606966,0.6823529411764706,0.6253369272237197,0.7202130234809972,0.6364537104888155
ames,classification,morgan+nmrsolver,linear,2292,413,1597,301,,0.0005336699231206312,0.8460318107975413,0.7263922518159807,0.7047567175018156,0.7021276595744681,0.5823529411764706,0.6366559485530546,0.762333575405471,0.6732992347131239
ames,classification,morgan+nmrsolver,mlp,2292,413,1597,301,0.0001,,0.8457858960796102,0.7191283292978208,0.7074195110142822,0.6646341463414634,0.6411764705882353,0.6526946107784432,0.7426773178407164,0.6558135635692438
ames,classification,fomonmr-pre-shifts,linear,2292,413,1597,301,,0.002848035868435802,0.759211537718371,0.6295399515738499,0.5977124183006536,0.568,0.4176470588235294,0.48135593220338985,0.6628177196804648,0.5701526124684382
ames,classification,fomonmr-pre-shifts,mlp,2292,413,1597,301,0.1,,0.7683061923039953,0.612590799031477,0.576240619704672,0.5431034482758621,0.37058823529411766,0.4405594405594406,0.6383684337932704,0.572532203821051
ames,classification,fomonmr-post-shifts,linear,2292,413,1597,301,,0.002848035868435802,0.759049757795389,0.6658595641646489,0.6321108690389736,0.635593220338983,0.4411764705882353,0.5208333333333334,0.6919874122488503,0.6233074607343825
ames,classification,fomonmr-post-shifts,mlp,2292,413,1597,301,0.01,,0.7604014907488739,0.6513317191283293,0.6144638102154443,0.6160714285714286,0.40588235294117647,0.48936170212765956,0.6924231420963447,0.6251108879116938
ames,classification,fomonmr-post-rich,linear,2292,413,1597,301,,0.002848035868435802,0.7537922420134412,0.6682808716707022,0.6368191721132898,0.6341463414634146,0.4588235294117647,0.5324232081911263,0.6767368675865408,0.5961082762669881
ames,classification,fomonmr-post-rich,mlp,2292,413,1597,301,0.001,,0.7739352835475376,0.6295399515738499,0.610965867828613,0.5548387096774193,0.5058823529411764,0.5292307692307693,0.6382958121520212,0.5476831287736746
ames,classification,fomonmr-post-unimol-rich,linear,2292,413,1597,301,,0.002848035868435802,0.7616464809468225,0.6464891041162227,0.6200677801984992,0.5882352941176471,0.47058823529411764,0.5228758169934641,0.6707334785766158,0.5967414042145333
ames,classification,fomonmr-post-unimol-rich,mlp,2292,413,1597,301,0.001,,0.7695619144962373,0.6319612590799032,0.617441297506657,0.5548780487804879,0.5352941176470588,0.5449101796407185,0.654078915516824,0.613381268973322
ames,classification,morgan+fomonmr-post-unimol-rich,linear,2292,413,1597,301,,0.002848035868435802,0.8470820901824169,0.711864406779661,0.7065480513192932,0.6424581005586593,0.6764705882352942,0.6590257879656161,0.7223432582909706,0.6137532114406357
ames,classification,morgan+fomonmr-post-unimol-rich,mlp,2292,413,1597,301,0.01,,0.8363634211996448,0.6707021791767555,0.6680343742435246,0.5904255319148937,0.6529411764705882,0.6201117318435754,0.7086903897361414,0.6106044963393565
