dataset,task,representation,probe,n_train,n_test,n_train_molecules,n_test_molecules,alpha,C,cv_score,mae,rmse,r2
ld50_zhu,regression,morgan,linear,2491,534,1809,404,5455.594781168515,,0.2606504580269831,0.5952826505420638,0.8279263791594131,0.062197607142554734
ld50_zhu,regression,morgan,mlp,2491,534,1809,404,1000.0,,0.20927884884334186,0.596219969592291,0.8322691806598485,0.05233351493330474
ld50_zhu,regression,nmrpeak,linear,2491,534,1809,404,5455.594781168515,,0.11823021524960312,0.5878164718309546,0.8340027335531668,0.048381570154506726
ld50_zhu,regression,nmrpeak,mlp,2491,534,1809,404,464.1588833612773,,0.09347800398067733,0.5925480688984475,0.8341858883571617,0.04796355563675114
ld50_zhu,regression,nmrsolver,linear,2491,534,1809,404,2636.6508987303555,,0.11590784417240459,0.5933037260721679,0.8165083419620687,0.08788594400608873
ld50_zhu,regression,nmrsolver,mlp,2491,534,1809,404,215.44346900318823,,0.10439166024280074,0.6280000395578391,0.8950198823440773,-0.09595636235458804
ld50_zhu,regression,nmrtrans,linear,2491,534,1809,404,5455.594781168515,,0.1340360781848202,0.611514655642755,0.8513552631276247,0.00837025235051625
ld50_zhu,regression,nmrtrans,mlp,2491,534,1809,404,1000.0,,0.08585945464453837,0.6317795129804575,0.8646059607170425,-0.022737892205806354
ld50_zhu,regression,ultranmr,linear,2491,534,1809,404,2636.6508987303555,,0.09505772250896354,0.5872119282201889,0.8094236966595969,0.10364566036540557
ld50_zhu,regression,ultranmr,mlp,2491,534,1809,404,464.1588833612773,,0.0792029428214426,0.593927305982354,0.8084096776507826,0.10589009924266957
ld50_zhu,regression,unimol2,linear,2491,534,1809,404,297.6351441631316,,0.30560832667811627,0.566021941648371,0.8018948220157278,0.12024303361630506
ld50_zhu,regression,unimol2,mlp,2491,534,1809,404,10.0,,0.2802775832088704,0.5610756263018547,0.7714003233417791,0.1858816770382743
ld50_zhu,regression,unimol2+ultranmr,linear,2491,534,1809,404,615.8482110660261,,0.285234173383916,0.5590700823588791,0.785550343718818,0.1557405273816782
ld50_zhu,regression,unimol2+ultranmr,mlp,2491,534,1809,404,4.6415888336127775,,0.2581087378521373,0.5594132843214028,0.8095333398697943,0.10340280653237555
ld50_zhu,regression,unimol2+nmrpeak,linear,2491,534,1809,404,615.8482110660261,,0.2697304940058185,0.5721735075692133,0.8111628537119073,0.09978964346570018
ld50_zhu,regression,unimol2+nmrpeak,mlp,2491,534,1809,404,1.0,,0.2370800882698907,0.5774227876163154,0.8057686574189963,0.11172255077380566
ld50_zhu,regression,unimol2+nmrsolver,linear,2491,534,1809,404,1274.2749857031322,,0.2926064796157183,0.5702391083280042,0.7939219885234379,0.13765002146122263
ld50_zhu,regression,unimol2+nmrsolver,mlp,2491,534,1809,404,0.046415888336127774,,0.25707104548449883,0.5907641294323996,0.8281726560052745,0.061639602537403304
ld50_zhu,regression,morgan+nmrpeak,linear,2491,534,1809,404,5455.594781168515,,0.26960574689401273,0.5885726562409346,0.8276079981193329,0.06291873669998604
ld50_zhu,regression,morgan+nmrpeak,mlp,2491,534,1809,404,1000.0,,0.21910374685706674,0.599293786089965,0.8400082404385716,0.03462735333915434
ld50_zhu,regression,morgan+ultranmr,linear,2491,534,1809,404,5455.594781168515,,0.27150003946598933,0.5843773462243513,0.8123609866058035,0.09712835741207393
ld50_zhu,regression,morgan+ultranmr,mlp,2491,534,1809,404,1000.0,,0.22559605381845413,0.5943164062142818,0.8503085197462905,0.010807175734642294
ld50_zhu,regression,morgan+nmrsolver,linear,2491,534,1809,404,5455.594781168515,,0.2796094293541928,0.5734224223975771,0.7893693120155938,0.147511806098658
ld50_zhu,regression,morgan+nmrsolver,mlp,2491,534,1809,404,1000.0,,0.23711389274740274,0.625179228988033,0.880981994629196,-0.061847040827578637
ld50_zhu,regression,fomonmr-pre-shifts,linear,2491,534,1809,404,2636.6508987303555,,0.14025684483023765,0.5879145685846939,0.8289491854322985,0.05987908540445497
ld50_zhu,regression,fomonmr-pre-shifts,mlp,2491,534,1809,404,464.1588833612773,,0.11160897069408571,0.5955202451752366,0.8345227761097969,0.0471944364601361
ld50_zhu,regression,fomonmr-post-shifts,linear,2491,534,1809,404,2636.6508987303555,,0.14460894947534614,0.5792697067063448,0.8121588058916633,0.09757771556877948
ld50_zhu,regression,fomonmr-post-shifts,mlp,2491,534,1809,404,464.1588833612773,,0.11507136434802681,0.5816938490421137,0.8194822997884824,0.08122948109134054
ld50_zhu,regression,fomonmr-post-rich,linear,2491,534,1809,404,2636.6508987303555,,0.18265690991225966,0.5903019663034947,0.8219837991667565,0.07561175948756782
ld50_zhu,regression,fomonmr-post-rich,mlp,2491,534,1809,404,464.1588833612773,,0.13552192805314925,0.5867919042083655,0.8226535714244299,0.07410471800981633
ld50_zhu,regression,fomonmr-post-unimol-rich,linear,2491,534,1809,404,2636.6508987303555,,0.14272586661948386,0.5883578051026555,0.8144459083605031,0.09248797618124294
ld50_zhu,regression,fomonmr-post-unimol-rich,mlp,2491,534,1809,404,215.44346900318823,,0.12779247629403143,0.5793377186743062,0.809055128856165,0.10446177715492155
ld50_zhu,regression,morgan+fomonmr-post-unimol-rich,linear,2491,534,1809,404,5455.594781168515,,0.27669831658779387,0.5834688938864472,0.8103494191845565,0.10159420102423744
ld50_zhu,regression,morgan+fomonmr-post-unimol-rich,mlp,2491,534,1809,404,1000.0,,0.22629789946861129,0.6099686429045174,0.8544360160114595,0.0011805543309970634
